GEO,"Population, 2021","Total private dwellings, 2021","Private dwellings occupied by usual residents, 2021"
A0A,67560,36601,33445
A0B,33009,13651,12748
A0C,17260,9053,8339
A0E,38337,19049,17626
A0G,61053,30324,28277
A0H,26437,13068,12147
A0J,11184,5931,5577
A0K,37207,18037,16374
A0L,10565,5145,4655
A0M,10106,4056,3773
A0N,19981,8343,7733
A0P,15403,7209,6688
A0R,3203,1360,1283
A1A,40828,17649,15925
A1B,31505,15617,14118
A1C,19760,10390,9496
A1E,37591,17856,16401
A1G,8900,4245,4020
A1H,7953,3518,3197
A1K,16640,8497,7809
A1L,26433,11340,10522
A1M,11232,4473,4200
A1N,36005,19408,17774
A1S,10311,5019,4754
A1V,15472,7366,6871
A1W,16680,6615,6106
A1X,23344,11446,10623
A1Y,8694,3728,3523
A2A,14216,6878,6534
A2B,7078,3783,3414
A2H,41843,17798,16724
A2N,13473,7147,6569
A2V,9115,3964,3761
A5A,11349,6033,5648
A8A,9995,4503,4113
Total,736180,382285,352367
C0A,70010,26845,25337
C0B,47673,21848,19859
C1A,35280,14300,13084
C1B,19233,8518,7732
C1C,7064,3093,2905
C1E,17720,9667,8857
C1N,30024,11594,10944
Total,206690,101922,92025
B0C,3640,1459,1320
B0E,38471,19953,18717
B0H,13612,7007,6473
B0J,58818,28177,26589
B0K,53756,26730,24778
B0L,3412,1723,1578
B0M,22009,9473,8734
B0N,56921,29790,27146
B0P,61774,27430,25003
B0R,9605,5012,4669
B0S,28689,11166,10530
B0T,25341,12393,11569
B0V,9527,4778,4524
B0W,41082,18391,17274
B1A,20285,10415,9424
B1B,1948,901,832
B1C,2478,1028,976
B1E,2641,1239,1137
B1G,2510,1254,1141
B1H,14049,6576,6010
B1J,1860,736,679
B1K,4370,1983,1790
B1L,6370,2515,2386
B1M,1674,686,624
B1N,8326,4168,3835
B1P,26100,11937,11332
B1R,6724,2773,2559
B1S,12387,4714,4478
B1T,548,233,212
B1V,9219,3576,3322
B1W,3887,1655,1495
B1X,1259,555,524
B1Y,9892,3951,3572
B2A,12502,5407,5049
B2C,485,244,231
B2E,74,31,29
B2G,21691,9493,8792
B2H,19259,9512,8902
B2J,130,59,56
B2N,31486,14905,13975
B2R,4247,1888,1794
B2S,9901,5280,4809
B2T,26121,10073,9510
B2V,15746,7554,6859
B2W,43995,18446,17166
B2X,15291,6730,6060
B2Y,19837,9491,8857
B2Z,10923,5722,5183
B3A,33833,15160,13851
B3B,1963,837,762
B3E,9712,4751,4392
B3G,13998,5780,5229
B3H,25481,12741,11470
B3J,11970,5222,4769
B3K,29058,12917,11902
B3L,28616,14710,13889
B3M,46460,20247,19068
B3N,20123,10479,9498
B3P,16201,6339,5958
B3R,11746,4743,4319
B3S,20821,10648,9999
B3T,22177,10244,9538
B3V,9614,3713,3503
B3Z,21982,8790,8299
B4A,30255,12746,11684
B4B,23310,9354,8823
B4C,24227,11651,10945
B4E,30142,11849,11173
B4G,7855,3206,2960
B4H,20667,8601,7839
B4N,29828,15106,13844
B4P,10815,4266,3899
B4R,4008,1819,1727
B4V,30563,12263,11108
B5A,21454,10558,10011
B6L,19914,10353,9543
B9A,6269,2993,2785
Total,1377113,642344,596628
E0A,0,0,0
E0B,0,0,0
E0C,0,0,0
E0G,0,0,0
E1A,70921,28288,26478
E1B,31116,15042,13845
E1C,37315,18407,16684
E1E,16516,6424,6000
E1G,31317,13730,12564
E1H,11370,6216,5684
E1J,5279,2296,2142
E1K,0,0,0
E1N,16603,6491,6101
E1V,21600,11282,10445
E1W,10438,4889,4601
E1X,20353,8799,8018
E2A,28440,15436,14082
E2E,28357,11709,10581
E2G,7613,3341,3040
E2H,6336,2898,2644
E2J,22091,11755,11021
E2K,22989,11966,11024
E2L,12139,4739,4388
E2M,30047,14495,13661
E2N,6420,2603,2430
E2P,1697,722,685
E2R,0,0,0
E2S,9761,3949,3663
E2V,17381,7251,6698
E3A,43108,21047,19614
E3B,49929,22179,20657
E3C,18440,9780,8942
E3E,6842,3271,3033
E3G,13691,6702,6265
E3L,11914,6309,5807
E3N,19814,9330,8494
E3V,18471,7297,6781
E3Y,10193,4044,3795
E3Z,6354,3453,3169
E4A,4273,1679,1592
E4B,6413,2661,2468
E4C,3200,1613,1470
E4E,13424,7235,6634
E4G,3622,1715,1558
E4H,6051,3090,2878
E4J,7995,3720,3453
E4K,9720,4263,3866
E4L,10908,5817,5346
E4M,3046,1434,1346
E4N,7111,2902,2733
E4P,25788,13856,12484
E4R,10586,4119,3780
E4S,10945,4470,4169
E4T,3066,1219,1110
E4V,7553,3926,3559
E4W,12124,5429,4946
E4X,4380,1843,1675
E4Y,4652,1976,1790
E4Z,7545,3006,2722
E5A,2957,1407,1314
E5B,4147,1911,1789
E5C,7059,2968,2765
E5E,1261,510,481
E5G,3542,1779,1689
E5H,3887,1851,1706
E5J,2987,1354,1242
E5K,9355,3887,3519
E5L,3648,1544,1454
E5M,2837,1289,1208
E5N,15353,7366,6928
E5P,3667,1666,1536
E5R,2132,1020,962
E5S,2433,1244,1175
E5T,4715,2135,1987
E5V,1077,564,532
E6A,1896,928,873
E6B,2359,932,872
E6C,3213,1688,1600
E6E,2300,964,892
E6G,3633,1526,1423
E6H,1795,752,681
E6J,1875,801,734
E6K,5330,2417,2240
E6L,6881,2890,2649
E7A,5318,2628,2399
E7B,9631,4934,4471
E7C,7581,3193,2904
E7E,6817,3049,2855
E7G,4980,2251,2058
E7H,8775,4466,4071
E7J,2960,1587,1471
E7K,3584,1389,1289
E7L,7111,3586,3384
E7M,14730,5878,5459
E7N,4488,2097,1907
E7P,5613,2205,2038
E8A,5005,2385,2156
E8B,3415,1841,1671
E8C,5030,2360,2242
E8E,8652,3560,3312
E8G,3782,1872,1734
E8J,8738,3935,3711
E8K,11703,5600,5214
E8L,3533,1438,1363
E8M,3388,1674,1562
E8N,4125,2133,1928
E8P,6254,2849,2649
E8R,5333,2608,2440
E8S,6870,3111,2907
E8T,8111,3310,3083
E9A,3538,1397,1287
E9B,3352,1407,1331
E9C,2996,1603,1456
E9E,5859,2427,2254
E9G,8098,4127,3857
E9H,4512,1770,1638
Total,1114464,598520,539861
G0A,123618,59998,54750
G0C,80747,30956,29155
G0E,7095,2705,2570
G0G,23267,11641,10501
G0H,13791,6222,5803
G0J,38546,19335,17968
G0K,16397,7572,6850
G0L,92177,43562,40666
G0M,45493,21499,20095
G0N,30981,11948,11240
G0P,9647,4456,4081
G0R,130138,50941,46877
G0S,101543,39005,36388
G0T,20571,9705,8826
G0V,27622,11384,10602
G0W,47752,23804,22078
G0X,78870,35889,33554
G0Y,15341,5933,5521
G0Z,14069,7131,6615
G1A,0,0,0
G1B,21571,10049,9104
G1C,49326,21973,20563
G1E,39577,18940,17837
G1G,31219,15332,14222
G1H,44266,17473,16170
G1J,29276,11903,10878
G1K,23847,10801,10226
G1L,30234,12449,11381
G1M,31021,13222,12561
G1N,11701,5957,5522
G1P,24339,10750,9968
G1R,23227,11313,10289
G1S,35559,15870,14469
G1T,9475,4967,4656
G1V,29697,12194,11210
G1W,30506,12099,11483
G1X,38464,20485,18951
G1Y,18656,7332,6920
G2A,22277,9971,9202
G2B,33581,15464,14424
G2C,19879,8822,8368
G2E,31954,13415,12510
G2G,14464,5719,5393
G2J,5044,2391,2238
G2K,18683,7678,6924
G2L,23830,10055,9513
G2M,6896,2879,2654
G2N,12937,5468,5160
G3A,30359,12570,11881
G3B,13257,5495,5027
G3C,14400,7342,6803
G3E,21764,9094,8262
G3G,15746,6271,5839
G3H,15574,6287,5704
G3J,14565,7241,6610
G3K,30753,12308,11632
G3L,15457,7883,7269
G3M,10709,4651,4335
G3N,15044,7255,6837
G3S,8869,4158,3843
G3Z,12042,5275,4900
G4A,4037,1902,1805
G4R,26221,12725,11813
G4S,6601,2817,2543
G4T,19409,8564,8095
G4V,10111,4117,3831
G4W,21814,9336,8693
G4X,21340,8876,8281
G4Z,12273,5188,4904
G5A,12212,5893,5434
G5B,8212,3510,3175
G5C,17473,7400,6725
G5H,11042,4787,4541
G5J,8954,3481,3278
G5L,46124,18765,17341
G5M,11659,4894,4488
G5N,13513,5376,4877
G5R,26249,10429,9764
G5T,3910,1498,1409
G5V,17517,7387,6654
G5X,8871,4018,3752
G5Y,32886,14159,13326
G5Z,9609,5049,4604
G6A,4029,1603,1488
G6B,11235,5713,5160
G6C,10519,4213,3856
G6E,19706,9849,9331
G6G,31485,14533,13151
G6H,9524,4894,4516
G6J,14469,5886,5576
G6K,11725,4979,4520
G6L,23371,12158,11240
G6P,44510,17877,16119
G6R,6839,3064,2904
G6S,7177,3693,3451
G6T,15730,6158,5653
G6V,49095,25179,22815
G6W,34103,15460,14427
G6X,12981,5814,5239
G6Y,9384,4717,4275
G6Z,33385,17315,16246
G7A,39278,19159,18077
G7B,26925,13451,12712
G7G,27476,11271,10226
G7H,46929,23468,21326
G7J,20261,11131,10027
G7K,1131,563,516
G7N,10016,5234,4905
G7P,10588,4413,4077
G7S,26301,12049,10910
G7T,2258,907,819
G7X,34948,14009,12974
G7Y,967,385,348
G7Z,3934,1813,1694
G8A,8735,3543,3202
G8B,36632,16308,14731
G8C,6983,3002,2785
G8E,5849,2257,2092
G8G,5826,2591,2345
G8H,13878,5548,5174
G8J,5590,2381,2169
G8K,15641,7813,7165
G8L,21477,10175,9206
G8M,7677,3299,3031
G8N,4054,1638,1480
G8P,9411,5013,4536
G8T,38096,15497,14379
G8V,14235,6340,5811
G8W,17864,8384,7825
G8Y,45760,18142,16982
G8Z,17605,7734,7097
G9A,28652,14152,13202
G9B,29476,14991,14126
G9C,5638,2325,2160
G9H,18403,7247,6876
G9N,21982,9467,8825
G9P,20260,7844,7385
G9R,3517,1753,1640
G9T,25222,12330,11101
G9X,14147,6268,5767
H0M,2589,1144,1032
H1A,44319,22153,20403
H1B,29920,13920,13031
H1C,18604,8382,7580
H1E,70330,35537,33082
H1G,63583,30725,28670
H1H,50187,23338,21323
H1J,14170,7353,6776
H1K,52038,22139,20464
H1L,45094,24075,22144
H1M,41295,22494,20584
H1N,36299,18849,17205
H1P,26346,14009,13132
H1R,45729,21221,19846
H1S,36206,14438,13577
H1T,49098,20236,18256
H1V,34824,13490,12723
H1W,40162,17460,16334
H1X,42690,22644,20404
H1Y,41660,16943,15773
H1Z,43277,17489,15818
H2A,24382,11952,11109
H2B,24092,11358,10399
H2C,25720,12492,11348
H2E,32016,16541,15309
H2G,27206,12746,11935
H2H,18062,7468,6810
H2J,39887,19872,18484
H2K,37066,16155,14683
H2L,35231,15684,14708
H2M,24593,11016,10424
H2N,8859,3791,3531
H2P,17994,7924,7192
H2R,35571,16513,15112
H2S,39985,21129,19553
H2T,23291,10923,9862
H2V,35870,18447,17400
H2W,13544,5872,5434
H2X,28064,12223,11485
H2Y,4855,2187,2057
H2Z,4918,2357,2178
H3A,7175,3866,3500
H3B,24052,11299,10573
H3C,25326,12982,11845
H3E,31131,14293,13238
H3G,16742,7968,7284
H3H,30000,14206,13211
H3J,14942,6569,5934
H3K,23338,10039,9178
H3L,26505,11102,10495
H3M,19588,9300,8641
H3N,44434,20549,19489
H3P,13112,6095,5667
H3R,12111,5863,5388
H3S,40921,16537,15438
H3T,16080,6642,6206
H3V,9586,4133,3808
H3W,43155,20730,18844
H3X,35555,13945,12890
H3Y,14139,7412,6700
H3Z,14792,7573,7108
H4A,32466,13297,11993
H4B,29427,12421,11261
H4C,23306,11621,10942
H4E,38852,16158,14676
H4G,41651,19153,17886
H4H,28639,13299,12159
H4J,22244,10173,9428
H4K,16653,6812,6291
H4L,46012,21169,20055
H4M,15362,7092,6483
H4N,41433,18039,17107
H4P,11726,4894,4439
H4R,44539,18780,17723
H4S,788,401,378
H4T,127,60,57
H4V,29634,11987,10877
H4W,35766,14237,12972
H4X,9142,4448,4010
H4Y,0,0,0
H4Z,0,0,0
H5A,0,0,0
H5B,129,66,61
H7A,27143,11704,10615
H7B,3697,1740,1567
H7C,13030,6274,5909
H7E,37161,15536,14393
H7G,34199,16755,15332
H7H,21709,9889,9293
H7J,3763,1905,1801
H7K,31585,16946,15689
H7L,56107,28790,26529
H7M,40390,20005,18422
H7N,58983,30054,28514
H7P,58943,26311,24348
H7R,37531,16704,15360
H7S,10972,4607,4373
H7T,43341,22918,21530
H7V,35307,14656,13651
H7W,56632,23871,21881
H7X,43619,19028,17900
H7Y,14745,6087,5620
H8N,44877,19043,17912
H8P,35959,14865,13719
H8R,44318,23931,21777
H8S,38871,15285,14151
H8T,18276,8225,7507
H8Y,24910,12605,11570
H8Z,20044,8120,7443
H9A,23868,11013,10402
H9B,27767,11121,10224
H9C,14983,6757,6250
H9E,4071,1792,1685
H9G,20753,10813,10058
H9H,32774,14683,13451
H9J,35038,15136,13855
H9K,12093,5527,5165
H9P,5807,3025,2855
H9R,37385,14619,13358
H9S,29010,11637,10517
H9W,25939,12045,11323
H9X,13041,5204,4721
J0A,26812,11325,10213
J0B,105805,43928,40340
J0C,34874,15277,14212
J0E,73206,28883,26532
J0G,25794,11321,10489
J0H,77933,33896,30930
J0J,69862,29177,26988
J0K,224317,100299,91582
J0L,135796,60656,57613
J0M,27227,10773,9961
J0N,60243,24343,22459
J0P,55403,25999,23514
J0R,55438,22612,20713
J0S,51239,26933,24970
J0T,67808,27032,25291
J0V,35894,15216,14299
J0W,25090,13146,11964
J0X,72729,30654,27629
J0Y,38809,17984,16909
J0Z,47756,21211,19182
J1A,14165,5405,5059
J1C,9501,3859,3632
J1E,39662,15316,14277
J1G,28757,12323,11303
J1H,35159,14374,13397
J1J,23838,9326,8596
J1K,8953,4832,4379
J1L,26732,13687,12540
J1M,7569,3509,3324
J1N,44368,18163,16575
J1R,14833,6705,6077
J1S,11752,5233,4842
J1T,12450,4980,4521
J1X,47844,19961,18569
J1Z,7343,3182,2996
J2A,19613,10332,9631
J2B,45028,19034,17861
J2C,45796,19716,18236
J2E,6194,2927,2775
J2G,41576,16832,15726
J2H,34721,18680,16868
J2J,27246,12537,11412
J2K,25685,12196,11415
J2L,15570,6103,5791
J2M,11893,5579,5178
J2N,15003,6920,6321
J2R,16176,8513,7786
J2S,43990,19344,17650
J2T,22959,11774,10790
J2W,40432,19152,17968
J2X,28795,12907,11939
J2Y,8420,4403,4171
J3A,13615,5390,4909
J3B,49825,26405,24418
J3E,39882,17112,15804
J3G,47303,19168,17665
J3H,34916,14412,13522
J3L,75816,35187,32672
J3M,16780,7601,6869
J3N,23799,9970,9113
J3P,33407,14493,13130
J3R,19156,8804,8274
J3T,12925,5009,4698
J3V,40501,18188,16824
J3X,34254,17712,16236
J3Y,94910,43126,40121
J3Z,7690,3652,3399
J4B,67623,25844,24215
J4G,15012,7026,6615
J4H,22040,9382,8585
J4J,39221,18305,17092
J4K,32829,14158,13307
J4L,41294,17962,16190
J4M,18190,6982,6558
J4N,15784,6847,6410
J4P,15301,7689,7162
J4R,14503,5978,5425
J4S,8603,4482,4247
J4T,29700,16095,14738
J4V,26266,11178,10290
J4W,24243,9388,8859
J4X,26246,14118,12804
J4Y,38354,18186,16970
J4Z,39200,19164,17414
J5A,37750,18089,16601
J5B,10977,4570,4260
J5C,23145,10226,9302
J5J,26742,11994,10930
J5K,20853,10188,9317
J5L,34382,14641,13409
J5M,33024,12792,12022
J5N,20516,10474,9781
J5R,71101,27140,25537
J5T,18656,7715,7056
J5V,11525,4885,4482
J5W,37273,18293,16902
J5X,13331,5793,5484
J5Y,39343,20033,18647
J5Z,39028,19055,17788
J6A,49977,22055,19908
J6E,69537,29851,27016
J6J,32422,17441,16177
J6K,31687,14391,13625
J6N,21083,9726,8851
J6R,18042,8574,7994
J6S,32961,17132,15911
J6T,25643,10502,9944
J6V,18744,9276,8758
J6W,49870,19191,18229
J6X,37083,16344,15475
J6Y,26617,10288,9711
J6Z,31412,14135,12798
J7A,18271,8637,8201
J7B,18624,8210,7775
J7C,60048,27801,25289
J7E,46121,23460,21653
J7G,26365,13095,12268
J7H,11089,4817,4518
J7J,42027,16565,15652
J7K,47111,21595,19530
J7L,18454,9471,8591
J7M,34600,17236,15738
J7N,48755,19763,18730
J7P,38254,16473,14836
J7R,52102,22586,20398
J7T,45254,21898,20153
J7V,95571,37624,35186
J7W,21586,10898,10308
J7X,8213,3618,3296
J7Y,42766,21493,20148
J7Z,42801,19783,18348
J8A,15474,6822,6367
J8B,22655,10991,10307
J8C,15531,8152,7519
J8E,15341,8013,7438
J8G,13490,5978,5532
J8H,20993,10805,9902
J8L,28094,14745,13422
J8M,17243,8987,8318
J8N,16561,7571,7009
J8P,48107,25468,23510
J8R,36422,15355,14124
J8T,51392,21305,19791
J8V,42265,20562,18572
J8X,11661,4696,4243
J8Y,28278,15167,13961
J8Z,18688,7537,7152
J9A,28313,12760,12118
J9B,11015,4322,4086
J9E,11557,4863,4538
J9H,41711,18021,16533
J9J,54558,24235,22453
J9L,20076,10238,9216
J9P,53097,25401,23717
J9T,18343,8034,7562
J9V,5454,2620,2395
J9X,29815,12760,11556
J9Y,13823,6307,5918
J9Z,9912,5410,4925
Total,13411332,7115685,6616799
K0A,146475,76665,71838
K0B,31480,15799,14391
K0C,69429,36692,33948
K0E,59423,23917,22401
K0G,59269,25614,23914
K0H,67907,33396,30296
K0J,47977,24085,22039
K0K,187412,71962,67932
K0L,98737,42851,39482
K0M,76086,28920,27390
K1A,116,48,44
K1B,24144,12398,11392
K1C,49497,22077,20807
K1E,22307,9245,8693
K1G,43674,18796,17826
K1H,22344,11624,10603
K1J,41696,17506,16563
K1K,41159,21196,19845
K1L,26145,12642,11804
K1M,9128,3718,3382
K1N,34529,14425,13386
K1P,1258,508,466
K1R,23012,12076,11435
K1S,37714,18959,18011
K1T,54088,26500,24651
K1V,82385,32507,30154
K1W,17393,8144,7547
K1X,6084,2974,2753
K1Y,27932,14157,13436
K1Z,30433,12043,11390
K2A,24819,11470,10646
K2B,48763,25230,23036
K2C,35378,15594,14361
K2E,30543,14680,13491
K2G,64751,28931,26985
K2H,35372,17038,16035
K2J,96592,41568,38431
K2K,38135,15924,14467
K2L,24586,10872,10284
K2M,38567,16993,15344
K2P,27976,11030,10449
K2R,1716,713,657
K2S,48452,23705,22173
K2T,18389,8324,7647
K2V,12367,5243,4881
K2W,11319,5259,4735
K4A,82625,44380,41117
K4B,7169,2859,2576
K4C,5964,2497,2348
K4K,21446,11363,10282
K4M,22763,11410,10570
K4P,13321,6541,6017
K4R,12393,5741,5330
K6A,16884,8287,7742
K6H,41519,17452,16456
K6J,23422,12283,11288
K6K,4700,2551,2298
K6T,1046,471,435
K6V,38014,16436,15498
K7A,27201,12446,11228
K7C,30335,11921,11258
K7G,12794,6949,6280
K7H,21288,8433,7828
K7K,49135,19560,17912
K7L,22274,9619,9019
K7M,64342,30700,27749
K7N,12205,5911,5567
K7P,35227,14143,12964
K7R,19939,9942,9440
K7S,19075,8374,7945
K7V,22576,10200,9608
K8A,39449,15915,15084
K8B,714,301,272
K8H,20961,8113,7501
K8N,47273,18631,17171
K8P,30766,13454,12167
K8R,2614,1058,990
K8V,44934,22617,21161
K9A,38246,16112,14756
K9H,44323,24158,22115
K9J,64333,32023,29033
K9K,21472,9809,9101
K9L,11421,6157,5651
K9V,46034,20271,18573
L0A,21459,10449,9607
L0B,24985,9713,9182
L0C,12215,5470,4970
L0E,30712,15898,14548
L0G,61937,32768,30204
L0H,1686,781,706
L0J,7587,3706,3452
L0K,53134,27214,24639
L0L,62323,24642,22588
L0M,48277,19928,18264
L0N,3871,1547,1459
L0P,9812,5078,4652
L0R,105343,53241,48754
L0S,77696,30613,27998
L1A,21845,9828,9129
L1B,19501,9008,8475
L1C,66858,34445,31972
L1E,37956,16677,15578
L1G,59946,23508,21700
L1H,40972,19057,17429
L1J,55039,22056,20728
L1K,59140,26454,24647
L1L,17415,7364,6891
L1M,26570,13588,12903
L1N,68825,32050,29657
L1P,27411,11578,10735
L1R,53620,24809,23439
L1S,57688,25411,22978
L1T,68092,29370,26955
L1V,71317,36912,35037
L1W,24766,11386,10676
L1X,30735,14558,13110
L1Y,3210,1438,1332
L1Z,40199,17715,16339
L2A,24594,10107,9394
L2E,26709,13021,11735
L2G,47955,21682,20557
L2H,47003,18825,17076
L2J,23318,10833,9862
L2M,47306,21550,19868
L2N,42199,20449,18712
L2P,19339,9807,9243
L2R,33590,14550,13215
L2S,25139,12602,11452
L2T,18262,7869,7460
L2V,29432,13928,12664
L2W,2751,1300,1172
L3B,33709,16803,15621
L3C,49290,21119,19225
L3J,310,129,117
L3K,30178,12302,11187
L3L,1220,564,515
L3M,35986,15940,14856
L3P,53634,23186,21548
L3R,99730,40029,37262
L3S,76648,32664,29884
L3T,73948,39440,35761
L3V,76031,37262,33877
L3X,60445,27249,25094
L3Y,67930,32382,29445
L3Z,52593,22081,20586
L4A,59324,26256,24274
L4B,63833,30728,28349
L4C,125954,61154,55068
L4E,83672,33271,31548
L4G,86416,38605,36067
L4H,107585,43556,40265
L4J,126209,66451,62335
L4K,32768,15925,14761
L4L,91940,41468,38861
L4M,62775,28409,25729
L4N,151373,61384,57773
L4P,42105,17559,15840
L4R,26141,11296,10726
L4S,59492,23818,22331
L4T,65472,25352,23387
L4V,90,35,33
L4W,26976,11289,10294
L4X,24082,10624,9748
L4Y,31914,14018,12733
L4Z,61971,31438,28620
L5A,76772,36827,33662
L5B,94539,44750,41851
L5C,46264,22162,20897
L5E,16177,7029,6360
L5G,25945,10434,9870
L5H,21868,8956,8118
L5J,36338,17656,16519
L5K,17332,7112,6642
L5L,64629,28738,26251
L5M,159196,72353,67410
L5N,109711,57125,52886
L5P,0,0,0
L5R,51031,25064,22561
L5S,243,99,93
L5T,421,180,166
L5V,85338,38592,35154
L5W,37736,19042,17394
L6A,115738,54883,50981
L6B,44040,20104,18440
L6C,69341,37582,34011
L6E,48916,22798,20660
L6G,9926,4686,4218
L6H,90258,44679,41750
L6J,38631,16883,15329
L6K,17908,8650,8069
L6L,45446,20927,19780
L6M,106377,50159,45910
L6P,136051,66682,62200
L6R,141027,76292,70482
L6S,90689,44520,41582
L6T,65138,27080,25479
L6V,55089,25990,23563
L6W,37953,17570,16455
L6X,129908,61139,57719
L6Y,172829,70383,65996
L6Z,56368,22236,20172
L7A,151886,81164,75686
L7B,24539,10218,9518
L7C,54103,24858,23226
L7E,44594,23810,21549
L7G,63325,27872,25620
L7J,17036,8341,7566
L7K,12667,6604,6127
L7L,63203,27074,25422
L7M,64201,25693,23970
L7N,20009,8955,8288
L7P,38959,19297,17420
L7R,21884,8562,7918
L7S,19190,8600,7996
L7T,26241,9934,9431
L8B,29167,14688,13852
L8E,57906,27040,25260
L8G,29849,11507,10800
L8H,40656,21676,19793
L8J,44725,23240,21834
L8K,44896,19390,17937
L8L,41169,17776,16072
L8M,17089,7501,6855
L8N,21446,9780,8902
L8P,30424,13619,12524
L8R,14769,5926,5536
L8S,24062,10040,9403
L8T,25391,13720,12408
L8V,30061,13674,12723
L8W,38635,15898,14897
L9A,40624,16928,15829
L9B,39918,15602,14450
L9C,54433,23256,21125
L9E,23004,9593,8763
L9G,32324,13699,12350
L9H,41058,20498,18514
L9J,2966,1333,1205
L9K,22260,10516,9728
L9L,20853,9957,9089
L9M,25376,11022,10319
L9N,31258,14392,12985
L9P,22305,10998,10158
L9R,36254,18065,17100
L9S,40167,17390,16446
L9T,133055,62188,56970
L9V,23735,10084,9213
L9W,75456,35489,32831
L9X,15725,7802,7336
L9Y,36031,14432,13039
L9Z,36067,17196,16203
M1B,102149,46447,41821
M1C,58347,26009,23804
M1E,67457,30603,28449
M1G,45452,19081,17360
M1H,32894,13822,12610
M1J,60284,28403,25894
M1K,74642,29599,27938
M1L,44285,23721,22129
M1M,31529,13490,12212
M1N,31511,15558,14385
M1P,73951,28254,26434
M1R,50724,19613,18532
M1S,57806,24573,22574
M1T,45528,24333,22016
M1V,87149,36306,32812
M1W,70765,31784,30138
M1X,24331,12028,11015
M2H,33848,14110,13218
M2J,97570,48684,43998
M2K,40591,16647,15469
M2L,18153,9223,8516
M2M,51552,22383,21225
M2N,138775,67636,61769
M2P,12394,6238,5829
M2R,56045,24293,21913
M3A,44308,21651,19585
M3B,21610,10218,9459
M3C,54057,25781,24480
M3H,61962,28903,26667
M3J,42321,20839,19237
M3K,11295,5938,5348
M3L,25650,10155,9206
M3M,32763,15306,14258
M3N,54935,24402,22278
M4A,19102,10482,9468
M4B,23309,10919,9898
M4C,56971,23335,21389
M4E,37993,17655,16038
M4G,26515,10847,9977
M4H,27734,11984,10890
M4J,51502,26211,23957
M4K,38022,20141,18751
M4L,44312,21525,19816
M4M,32835,17534,16026
M4N,24203,11868,11207
M4P,33789,14349,13490
M4R,15180,5789,5437
M4S,43801,19457,17983
M4T,14413,6525,6000
M4V,28673,13956,12714
M4W,19972,8432,7614
M4X,24925,10959,10284
M4Y,45034,17904,16204
M5A,63823,30651,28837
M5B,21095,10861,10316
M5C,6530,2595,2439
M5E,17750,7051,6644
M5G,40481,17400,16362
M5H,4928,2001,1804
M5J,21782,8508,7897
M5K,273,132,126
M5L,47,20,19
M5M,35444,18761,17104
M5N,23816,10928,9836
M5P,24291,12397,11239
M5R,32820,12734,11999
M5S,24884,13270,12333
M5T,23667,9586,9034
M5V,70418,27686,25435
M5W,140,66,60
M5X,110,57,52
M6A,28304,11336,10747
M6B,38836,19139,18153
M6C,30826,11962,11237
M6E,57152,25448,23127
M6G,42928,18567,16829
M6H,57227,21891,20741
M6J,43615,16453,15602
M6K,62076,26437,25011
M6L,26025,12879,11956
M6M,51974,26248,24602
M6N,61452,24282,22058
M6P,48419,24992,23379
M6R,24233,9697,8944
M6S,48408,24360,22007
M7A,0,0,0
M7Y,0,0,0
M8V,54355,24702,22700
M8W,30726,15978,14764
M8X,14358,6095,5695
M8Y,32646,16826,15855
M8Z,27377,12811,12140
M9A,58400,29755,27339
M9B,45228,19635,18554
M9C,62474,27118,25239
M9L,18378,9582,9076
M9M,37484,15224,13822
M9N,40761,20705,18832
M9P,28217,11688,10946
M9R,51927,25590,23335
M9V,93133,40231,37898
M9W,69191,32811,30232
N0A,57388,24393,22686
N0B,126653,68990,62681
N0C,24844,12764,12027
N0E,54150,25268,23360
N0G,108302,56347,52246
N0H,82181,33036,30343
N0J,45866,22471,20747
N0K,35322,17658,15947
N0L,67701,29544,26717
N0M,101238,43864,41607
N0N,57557,25010,23561
N0P,70749,32693,30300
N0R,62948,28016,26450
N1A,17884,9171,8668
N1C,5122,2256,2132
N1E,55316,23372,21760
N1G,44648,18856,17134
N1H,51508,19717,18543
N1K,17574,7914,7514
N1L,23562,9041,8421
N1M,23435,11232,10621
N1P,9511,5036,4631
N1R,61221,29631,27078
N1S,27974,11034,10365
N1T,25326,11371,10473
N2A,45698,23208,21570
N2B,22908,8796,8324
N2C,25530,13418,12269
N2E,55053,26286,24198
N2G,21526,9685,9012
N2H,34571,17162,15570
N2J,27921,12116,10928
N2K,37588,18196,16593
N2L,48654,18815,17778
N2M,56179,23130,21168
N2N,40162,17951,16781
N2P,39360,16106,14604
N2R,21868,9866,9287
N2T,31475,14467,13488
N2V,29061,14233,13397
N2Z,15937,6477,6111
N3A,21343,9743,8847
N3B,17853,8183,7421
N3C,34363,14099,12710
N3E,3630,1445,1361
N3H,36823,16458,15568
N3L,23047,11034,10385
N3P,11723,5156,4673
N3R,57651,26983,25087
N3S,39552,15783,14668
N3T,55804,27721,26189
N3V,2155,923,844
N3W,22025,11132,10338
N3Y,30849,12319,11486
N4B,10870,5329,4906
N4G,34969,14200,13325
N4K,47393,18624,17365
N4L,11640,6355,5800
N4N,13773,6470,6136
N4S,45036,20955,19254
N4T,21509,10580,9769
N4V,4421,1806,1662
N4W,19423,8638,8061
N4X,13392,6246,5824
N4Z,3196,1576,1427
N5A,53613,20612,19211
N5C,19881,9619,9000
N5H,18695,9200,8349
N5L,4993,1951,1835
N5P,26920,11633,10854
N5R,40424,16816,15686
N5V,41501,20413,18799
N5W,35629,18779,17566
N5X,48446,24042,22512
N5Y,53454,23442,22018
N5Z,29104,12394,11469
N6A,15570,6171,5825
N6B,15630,8297,7521
N6C,44784,18035,16920
N6E,40211,17241,15807
N6G,77133,36029,33767
N6H,64388,26705,24477
N6J,40661,19298,18190
N6K,53138,21234,19731
N6L,6109,3143,2969
N6M,11511,4648,4272
N6N,1046,542,511
N6P,16442,8268,7611
N7A,17953,7137,6587
N7G,28988,12000,11268
N7L,36274,15933,14481
N7M,34275,18721,17105
N7S,37432,18687,17533
N7T,36010,15249,13792
N7V,16566,7181,6608
N7W,3598,1728,1559
N7X,1811,873,787
N8A,20553,8473,7707
N8H,51802,22696,20709
N8M,15876,7695,6976
N8N,36553,16285,14793
N8P,19195,9375,8574
N8R,16760,7378,6765
N8S,28695,11188,10261
N8T,21819,10487,9538
N8V,249,98,91
N8W,36573,15626,14166
N8X,21061,9378,8520
N8Y,26793,11786,10630
N9A,31038,15190,14078
N9B,32407,12422,11591
N9C,16336,8672,8104
N9E,31554,14766,13694
N9G,29238,14736,13775
N9H,17980,8598,8023
N9J,28429,13790,12829
N9K,4418,1831,1658
N9V,28939,15256,13818
N9Y,25313,12883,11724
P0A,26934,12236,11136
P0B,12666,6278,5663
P0C,5796,2825,2675
P0E,5040,2696,2517
P0G,4386,1760,1643
P0H,51495,26850,24852
P0J,28100,14791,13502
P0K,16739,6555,5997
P0L,32687,17294,15716
P0M,80013,38124,35840
P0N,13347,5693,5151
P0P,25711,13391,12623
P0R,17631,8990,8252
P0S,14637,6208,5860
P0T,48546,20134,18305
P0V,26976,10660,9739
P0W,8891,3527,3316
P0X,9391,3930,3560
P0Y,82,42,40
P1A,25977,11979,11135
P1B,43282,18723,17021
P1C,4865,2359,2127
P1H,24590,9704,9206
P1L,28021,11306,10240
P1P,14936,8031,7333
P2A,21164,8839,8255
P2B,13330,5833,5415
P2N,8551,3677,3372
P3A,34176,14751,13347
P3B,21259,10539,9668
P3C,21647,9956,9379
P3E,39057,15505,13997
P3G,5699,2844,2681
P3L,10130,4158,3758
P3N,11085,5329,5055
P3P,24135,11886,11080
P3Y,10918,5405,4989
P4N,32393,14566,13734
P4P,4532,2338,2163
P4R,6337,3305,3043
P5A,16621,9185,8309
P5E,7483,3275,2998
P5N,11852,5862,5473
P6A,44696,21614,19512
P6B,35580,16220,15053
P6C,26274,11841,11046
P7A,37060,18893,17721
P7B,34260,16008,15072
P7C,26370,12748,11806
P7E,27175,14691,13343
P7G,19997,8300,7770
P7J,7770,3433,3122
P7K,8600,4025,3715
P7L,2689,1153,1044
P8N,15475,5993,5645
P8T,6680,2765,2551
P9A,13344,5322,4826
P9N,19623,8969,8094
Total,18027998,7303383,6749397
R0A,51956,20886,18983
R0B,47547,20296,18397
R0C,74716,31904,30122
R0E,48087,21957,20837
R0G,51036,21401,19554
R0H,16151,6304,5817
R0J,41614,19099,17858
R0K,32600,15569,14559
R0L,32554,13381,12669
R0M,24727,12288,11443
R1A,31512,14827,13843
R1B,401,167,159
R1C,5524,2358,2161
R1N,29769,14118,13046
R2C,44313,18991,17489
R2E,13215,5406,4943
R2G,44171,18020,16689
R2H,24891,12598,11761
R2J,40887,17316,15724
R2K,49227,23749,22371
R2L,18389,8769,8223
R2M,60196,25084,22705
R2N,41319,16902,15943
R2P,47713,21364,19482
R2R,34097,14129,12920
R2V,50827,20166,18541
R2W,31033,12188,11160
R2X,26045,14196,12955
R2Y,25780,10409,9821
R3A,5316,2081,1947
R3B,15339,6351,5890
R3C,26434,10635,10085
R3E,25968,12977,12123
R3G,36246,18305,16945
R3H,287,131,122
R3J,42694,18958,17304
R3K,18614,7985,7249
R3L,30493,14961,13503
R3M,27021,11617,10840
R3N,22664,10043,9219
R3P,27865,13567,12360
R3R,39273,20659,19115
R3S,800,363,329
R3T,78566,39487,36194
R3V,9348,4583,4298
R3W,21205,8053,7580
R3X,26530,14160,13218
R3Y,44950,17732,16503
R4A,6861,2653,2479
R4G,2371,915,867
R4H,3889,1748,1598
R4J,1429,584,537
R4K,1128,529,478
R4L,1575,789,731
R5A,4702,2324,2203
R5G,34251,18903,17075
R5H,7126,2884,2721
R5J,1845,954,885
R5K,7218,2764,2595
R5L,3031,1174,1101
R5M,3651,1682,1542
R5N,8613,4485,4215
R5P,1010,449,410
R5R,1818,843,786
R5T,1132,601,562
R6M,15235,6511,6062
R6P,619,267,250
R6T,352,141,128
R6W,24626,12150,10988
R7A,41949,19406,17849
R7B,29360,13316,12340
R7C,4227,1943,1827
R7N,14006,5576,5059
R8A,7147,2783,2616
R8N,14899,6841,6482
R9A,10033,4530,4105
Total,2067859,900584,834714
R8A,295,139,131
S0A,65378,31213,28736
S0C,27408,12523,11372
S0E,49144,20249,18421
S0G,96034,38594,36380
S0H,26525,10170,9659
S0J,65092,29172,26679
S0K,135658,69706,65265
S0L,42245,20578,18653
S0M,59583,30768,28645
S0N,25605,12311,11358
S0P,8523,4086,3797
S2V,1111,528,484
S3N,27417,14997,13682
S4A,18378,7691,7090
S4H,15478,7840,7344
S4K,0,0,0
S4L,9087,4095,3722
S4M,0,0,0
S4N,45738,20604,18815
S4P,18548,9956,8998
S4R,54037,24913,22461
S4S,47728,22093,20536
S4T,36449,16102,14930
S4V,40842,18297,17177
S4W,18959,9271,8702
S4X,37033,17964,16585
S4Y,7579,3534,3270
S4Z,1718,681,641
S6H,39334,19923,18443
S6J,7672,3777,3579
S6K,1652,635,595
S6V,54600,26206,23873
S6W,436,230,212
S6X,3455,1687,1595
S7A,252,114,106
S7B,749,292,268
S7C,1469,644,607
S7H,46718,22791,21133
S7J,47008,20290,18632
S7K,54397,22018,20385
S7L,57489,22779,21090
S7M,43404,17428,16110
S7N,36605,15933,14740
S7P,403,207,188
S7R,10544,5344,4860
S7S,8713,3736,3385
S7T,22991,9272,8679
S7V,22036,10154,9246
S7W,25010,10407,9378
S9A,23337,10451,9491
S9H,26260,13920,12927
S9V,21105,10521,9564
S9X,10112,4393,4078
Total,1748791,727662,678973
T0A,82043,42994,39661
T0B,73445,30008,27264
T0C,74901,32129,30193
T0E,46768,23363,21798
T0G,55829,23599,21644
T0H,104362,46307,42209
T0J,68731,36187,32935
T0K,69863,31560,29067
T0L,80297,41848,38659
T0M,85661,44902,42172
T0P,2971,1534,1418
T0V,0,0,0
T1A,32795,13423,12517
T1B,44820,21634,19518
T1C,12511,6093,5729
T1G,13938,6504,6046
T1H,35650,14615,13663
T1J,38530,19792,18285
T1K,68109,27724,25345
T1L,10371,4899,4456
T1M,13242,5417,5032
T1P,26367,14093,13145
T1R,22696,10972,10074
T1S,64867,28189,25728
T1V,21361,9945,9133
T1W,24162,10125,9495
T1X,33470,13786,12740
T1Y,79167,35491,32393
T1Z,3534,1660,1553
T2A,75823,30279,28250
T2B,28439,12903,12064
T2C,32578,16306,15002
T2E,49803,21829,20407
T2G,20692,10250,9720
T2H,15715,8355,7581
T2J,53687,25312,22862
T2K,50331,27036,24384
T2L,20245,7802,7262
T2M,27466,11496,10690
T2N,29991,12114,11291
T2P,24158,11981,11177
T2R,21479,10687,9637
T2S,18866,8577,7819
T2T,42365,22896,20881
T2V,50755,25133,23873
T2W,52078,24806,22816
T2X,72136,31893,29879
T2Y,94436,49849,45574
T2Z,83479,33305,30555
T3A,66377,32121,29883
T3B,55538,21793,20241
T3C,33848,16074,14553
T3E,61073,28838,27320
T3G,74624,28591,26985
T3H,90663,39430,36856
T3J,100541,43716,41028
T3K,101935,39886,36813
T3L,40906,18376,16564
T3M,76781,40120,37380
T3N,39576,17082,15571
T3P,36557,14283,13224
T3R,50353,20701,18888
T3S,525,218,206
T3T,1564,615,569
T3Z,16997,6852,6259
T4A,23642,9819,9284
T4B,71670,35423,33184
T4C,44887,22774,20728
T4E,7740,3417,3102
T4G,19244,7531,7033
T4H,16413,7021,6588
T4J,16258,8649,7993
T4L,23925,10528,9994
T4M,8131,3263,3017
T4N,36330,14544,13294
T4P,47007,21156,19098
T4R,46185,20908,19383
T4S,27130,12542,11719
T4T,21986,8455,7905
T4V,29226,12719,11455
T4X,36549,16182,14828
T5A,43739,21361,19811
T5B,21715,9815,9135
T5C,22130,10130,9224
T5E,40951,18903,17821
T5G,17234,8866,8038
T5H,34618,17523,15859
T5J,14745,7310,6737
T5K,30495,15197,14407
T5L,24673,10264,9329
T5M,19880,7542,7109
T5N,19548,8077,7587
T5P,28825,12673,11766
T5R,33710,14624,13206
T5S,9002,4058,3780
T5T,104462,50176,46064
T5V,547,217,199
T5W,30478,15406,14534
T5X,50336,25099,23312
T5Y,67964,33826,31764
T5Z,48439,20642,19081
T6A,18444,7400,6801
T6B,13923,6125,5557
T6C,28735,11843,10859
T6E,29006,12523,11803
T6G,17094,8806,8026
T6H,38573,18911,17273
T6J,60147,29416,27129
T6K,33618,15791,14676
T6L,60775,28673,26070
T6M,51224,21259,19837
T6N,124,53,48
T6P,2647,1407,1271
T6R,56710,25798,23253
T6S,0,0,0
T6T,72325,36502,34047
T6V,26279,12814,11692
T6W,110960,48934,44362
T6X,58950,31227,29141
T6Y,349,166,154
T7A,15303,6885,6291
T7E,19056,7343,6865
T7N,12591,5453,5080
T7P,10430,4594,4255
T7S,16612,8055,7390
T7V,14304,5867,5410
T7X,64628,31983,29271
T7Y,28699,11481,10820
T7Z,27448,12832,11555
T8A,53155,20864,19276
T8B,11807,5505,5036
T8C,6676,3622,3328
T8E,11659,5176,4761
T8G,7168,3009,2767
T8H,42873,21057,19396
T8L,40900,16562,15660
T8N,85907,36882,33719
T8R,20247,8307,7648
T8S,11321,5768,5275
T8T,9923,4354,3978
T8V,42247,21806,19647
T8W,30880,13986,12718
T8X,33647,16230,15188
T9A,19620,9888,8974
T9C,10190,4895,4482
T9E,41618,16109,14872
T9G,8549,4006,3775
T9H,31474,16394,15391
T9J,5208,2408,2191
T9K,46771,18720,17624
T9M,27513,11532,10523
T9N,14569,6604,6188
T9S,11504,5173,4856
T9V,28244,10976,10138
T9W,10859,5267,4826
T9X,8058,4184,3962
Total,5702712,2778141,2589022
V0A,23687,9266,8740
V0B,54649,28061,26143
V0C,33917,17393,15894
V0E,115590,48784,43928
V0G,45111,18590,17173
V0H,84861,40843,36942
V0J,77761,40291,37509
V0K,44056,16909,15747
V0L,7505,3190,2983
V0M,15839,8270,7540
V0N,77126,31259,29316
V0P,9583,4480,4076
V0R,99272,47880,43415
V0S,346,156,144
V0T,11594,4984,4533
V0V,2424,1135,1064
V0W,683,270,256
V0X,32648,17500,15886
V1A,13190,6496,5966
V1B,38411,16649,15300
V1C,41282,21728,20487
V1E,28974,14126,13223
V1G,20476,9160,8422
V1H,22208,9983,9260
V1J,33127,15739,14670
V1K,15738,7203,6507
V1L,23813,11993,11318
V1M,48650,22509,20370
V1N,19055,7652,7139
V1P,13543,5793,5288
V1R,15136,6741,6091
V1S,16637,8303,7677
V1T,39733,20477,19250
V1V,40698,17567,16635
V1W,55121,25672,24015
V1X,46187,23141,20874
V1Y,63714,29986,28404
V1Z,20261,10414,9751
V2A,60819,30515,28267
V2B,60914,26803,24363
V2C,37035,17541,15880
V2E,21685,10275,9484
V2G,24892,10125,9197
V2H,12237,5748,5271
V2J,35438,13730,12662
V2K,30804,14403,13677
V2L,14743,6839,6417
V2M,32731,13631,12683
V2N,46075,22616,21221
V2P,48221,23084,21886
V2R,77707,35808,33528
V2S,66584,29037,26885
V2T,76223,37163,34005
V2V,52261,21603,19467
V2W,28237,12108,11065
V2X,68964,29805,28205
V2Y,68882,36967,33928
V2Z,25040,11749,10917
V3A,68604,28630,25899
V3B,89058,34770,32570
V3C,53324,22277,20242
V3E,54820,23129,21483
V3G,32413,14304,13089
V3H,50080,22511,20349
V3J,72798,30324,27820
V3K,41521,18862,17795
V3L,39319,19325,18024
V3M,66706,35362,33201
V3N,61197,30234,27273
V3R,88159,44957,41591
V3S,161445,84480,79123
V3T,71869,32802,30498
V3V,80248,40295,36850
V3W,150103,78840,71282
V3X,46797,24941,22945
V3Y,30364,13468,12643
V3Z,56278,28770,26698
V4A,55898,24362,22165
V4B,29726,12586,11483
V4C,78257,32583,29852
V4E,16253,8403,7845
V4G,514,245,225
V4K,35224,19058,17443
V4L,10244,4327,4109
V4M,23325,12212,11019
V4N,110562,55722,51192
V4P,18625,7666,6943
V4R,25463,9751,9228
V4S,9534,3984,3589
V4T,42677,22145,20429
V4V,29876,14872,13785
V4W,31758,14382,13130
V4X,20281,8652,7848
V4Z,7208,3849,3577
V5A,34910,18883,17156
V5B,35329,14422,13426
V5C,61028,26854,24180
V5E,41322,19772,18638
V5G,29281,12074,10879
V5H,58370,25414,23167
V5J,35899,14262,12907
V5K,34532,13835,12820
V5L,28846,13019,12016
V5M,30800,16734,15268
V5N,49998,23982,22056
V5P,54111,25892,23759
V5R,71271,34311,32559
V5S,47045,19066,17756
V5T,32304,12660,11910
V5V,38103,17056,15590
V5W,33763,13317,12423
V5X,51893,23738,22505
V5Y,25782,11313,10311
V5Z,38037,18895,17923
V6A,27354,13035,12085
V6B,49678,25385,23534
V6C,10483,4255,3896
V6E,39998,18234,16534
V6G,36436,14442,13103
V6H,27783,11096,10163
V6J,32539,13018,11794
V6K,38182,15081,14122
V6L,13939,5597,5154
V6M,24764,11110,10518
V6N,17930,7144,6528
V6P,44353,23391,21268
V6R,24854,10930,9983
V6S,20066,10074,9184
V6T,18537,8671,8103
V6V,17288,7736,7197
V6W,3312,1527,1440
V6X,64700,33708,30663
V6Y,85315,36266,32667
V6Z,30639,14029,13147
V7A,35450,15058,13602
V7B,1079,409,386
V7C,61029,29260,27004
V7E,59439,28353,25577
V7G,16434,7787,7131
V7H,16815,6972,6482
V7J,24015,9466,8892
V7K,17159,7718,7266
V7L,45777,17677,16368
V7M,35327,14709,13649
V7N,21630,9569,8636
V7P,21005,9899,9060
V7R,20347,9323,8588
V7S,14882,7865,7282
V7T,15613,6351,5860
V7V,21170,10784,10126
V7W,11019,4752,4309
V7X,409,190,173
V7Y,475,202,184
V7Z,16807,8173,7639
V8A,25500,10331,9669
V8B,22505,11665,10761
V8C,11416,5133,4719
V8E,16519,7235,6856
V8G,27604,12764,11978
V8J,14933,6526,6089
V8K,18353,7491,6809
V8L,35925,16801,15381
V8M,22688,10334,9625
V8N,40376,21071,19178
V8P,24638,12120,11186
V8R,30653,13983,12589
V8S,21884,10749,9991
V8T,28861,13712,12396
V8V,38863,19085,17699
V8W,12563,5456,5136
V8X,39638,20059,18709
V8Y,17170,6855,6399
V8Z,41697,19687,18625
V9A,62756,29587,26892
V9B,70387,30259,28280
V9C,36266,15172,13790
V9E,7707,3304,3128
V9G,25974,12628,11598
V9H,15228,8045,7413
V9J,13440,6633,6015
V9K,24429,11881,11006
V9L,52168,21925,20404
V9M,29434,12229,11391
V9N,42680,19134,17880
V9P,39104,15333,14020
V9R,43140,20670,19146
V9S,21239,10261,9302
V9T,51626,22939,21370
V9V,16588,8315,7737
V9W,42949,17142,15430
V9X,17732,7827,7091
V9Y,34757,13860,13167
V9Z,28499,13546,12571
Total,6908988,3778822,3438953
Y0A,2489,1032,945
Y0B,9444,4642,4180
Y1A,40323,18947,17739
Total,52498,28550,25946
X0E,28676,13527,12630
X0G,611,247,231
X1A,28013,11853,11197
Total,55447,26028,24446
X0A,20957,8577,8078
X0B,7432,3144,2880
X0C,11389,5625,5256
Total,36197,14551,13354
Total,46272942,23074190,20802736
