FSA,Number of Returns,Total Income,Median Total Income,Average Total Income
A0A,40260,1850812000,36776,45971
A0B,17610,785194000,35669,44587
A0C,10940,429785000,31428,39285
A0E,19340,836531000,34602,43253
A0G,30770,1180595000,30694,38368
A0H,15380,570407000,29669,37087
A0J,6950,290499000,33438,41798
A0K,22500,964101000,34278,42848
A0L,6800,309349000,36393,45492
A0M,5200,224915000,34601,43252
A0N,12410,439719000,28345,35432
A0P,9950,539019000,43337,54172
A0R,2000,168605000,67441,84302
A1A,23950,1616313000,53988,67486
A1B,16830,912244000,43362,54203
A1C,10570,577862000,43736,54670
A1E,22380,1153168000,41220,51526
A1G,4730,246775000,41737,52172
A1H,4750,407919000,68701,85877
A1K,10140,685647000,54094,67618
A1L,17140,1128596000,52676,65845
A1M,6770,475889000,56234,70293
A1N,19240,1049806000,43650,54563
A1S,5570,292187000,41965,52457
A1V,9770,535615000,43857,54822
A1W,9330,564973000,48443,60554
A1X,12600,667847000,42402,53003
A1Y,4690,201759000,34414,43018
A2A,7960,404825000,40685,50857
A2B,4080,155545000,30498,38123
A2H,21610,1043247000,38620,48276
A2N,7590,314456000,33144,41430
A2V,5920,506787000,68484,85605
A5A,7140,351635000,39398,49248
A8A,6020,255376000,33936,42421
Total,438870,22138004000,40354,50443
C0A,39770,1960892000,39444,49305
C0B,25720,1241760000,38623,48279
C1A,22470,1061497000,37792,47240
C1B,11460,680036000,47471,59339
C1C,4340,204658000,37724,47156
C1E,10270,530663000,41336,51671
C1N,15100,695554000,36850,46063
Total,129130,6375059000,39495,49369
B0C,2300,111141000,38657,48322
B0E,22040,933511000,33884,42355
B0H,8370,365828000,34965,43707
B0J,34260,1679406000,39215,49019
B0K,30290,1315491000,34743,43429
B0L,2080,79134000,30436,38045
B0M,14290,583995000,32693,40867
B0N,32880,1475483000,35899,44874
B0P,34020,1578580000,37120,46401
B0R,5120,215496000,33671,42089
B0S,15330,594696000,31033,38792
B0T,12940,538853000,33313,41642
B0V,5070,204223000,32224,40280
B0W,24060,1106755000,36799,45999
B1A,12600,492719000,31283,39104
B1B,1100,48723000,35434,44293
B1C,1510,80674000,42740,53426
B1E,1360,51923000,30542,38178
B1G,1580,60357000,30560,38200
B1H,7970,313642000,31481,39352
B1J,1000,59691000,47752,59691
B1K,2750,145646000,42369,52962
B1L,4140,227330000,43928,54910
B1M,1070,50966000,38104,47631
B1N,4770,170494000,28593,35742
B1P,13280,513767000,30949,38687
B1R,3630,184765000,40719,50899
B1S,6980,330050000,37828,47285
B1T,320,14348000,35869,44837
B1V,5020,199534000,31797,39747
B1W,2260,15782000,5586,6983
B1X,740,41448000,44808,56010
B1Y,5180,242125000,37393,46742
B2A,6600,268281000,32518,40648
B2C,260,10884000,33488,41861
B2E,40,1529000,30580,38225
B2G,12210,638510000,41835,52294
B2H,12330,606650000,39360,49201
B2J,70,5723000,65405,81757
B2N,17160,759751000,35419,44274
B2R,2170,153594000,56624,70780
B2S,6430,336831000,41907,52384
B2T,14100,983661000,55810,69763
B2V,9950,597578000,48046,60058
B2W,27500,1514585000,44060,55075
B2X,9910,542360000,43782,54728
B2Y,12350,639321000,41412,51766
B2Z,7000,379678000,43391,54239
B3A,17460,828189000,37946,47433
B3B,1160,64323000,44360,55450
B3E,5780,320253000,44325,55407
B3G,8900,460908000,41429,51787
B3H,14360,1150854000,64114,80143
B3J,7370,493472000,53564,66956
B3K,17760,921329000,41500,51876
B3L,14350,821738000,45810,57263
B3M,29530,1518523000,41138,51423
B3N,11820,685294000,46381,57977
B3P,8850,531258000,48023,60029
B3R,7390,290407000,31437,39297
B3S,11190,569177000,40691,50864
B3T,14030,791362000,45123,56404
B3V,5030,287298000,45692,57116
B3Z,14210,943463000,53115,66394
B4A,15240,1053817000,55318,69148
B4B,14910,1061351000,56946,71183
B4C,15060,723312000,38422,48028
B4E,15560,850222000,43712,54641
B4G,4190,236709000,45194,56493
B4H,11280,490405000,34780,43475
B4N,15020,668022000,35580,44475
B4P,6810,360802000,42384,52981
B4R,2390,118395000,39629,49537
B4V,17740,786752000,35479,44349
B5A,13850,581570000,33592,41990
B6L,10750,531061000,39520,49401
B9A,3820,175015000,36652,45815
Total,794200,39780791000,40071,50089
E0A,0,0,0,0
E0B,0,0,0,0
E0C,0,0,0,0
E0G,0,0,0,0
E1A,38800,2105057000,43403,54254
E1B,16960,856563000,40403,50504
E1C,20910,812972000,31103,38879
E1E,9300,484409000,41668,52086
E1G,19900,1098992000,44180,55225
E1H,6620,332540000,40185,50232
E1J,2980,157759000,42351,52939
E1K,0,0,0,0
E1N,9480,420177000,35457,44322
E1V,11350,535972000,37777,47222
E1W,6210,278377000,35861,44827
E1X,12470,499054000,32016,40020
E2A,15070,651583000,34589,43237
E2E,16200,1157312000,57151,71439
E2G,4280,268248000,50139,62674
E2H,3830,263894000,55120,68901
E2J,13220,535827000,32424,40531
E2K,14150,670441000,37904,47380
E2L,6390,257502000,32237,40297
E2M,15250,740368000,38838,48548
E2N,3650,184919000,40529,50662
E2P,1100,46684000,33952,42440
E2R,0,0,0,0
E2S,5620,277870000,39554,49443
E2V,11030,590033000,42794,53493
E3A,23230,1121599000,38625,48282
E3B,30700,1708941000,44532,55665
E3C,9980,617348000,49486,61858
E3E,3700,226950000,49069,61337
E3G,7130,391704000,43949,54937
E3L,7220,294069000,32583,40729
E3N,11520,459315000,31896,39871
E3V,10400,454485000,34960,43700
E3Y,6160,260709000,33857,42322
E3Z,3540,171776000,38819,48524
E4A,2620,97959000,29910,37388
E4B,3610,143442000,31787,39734
E4C,1890,83605000,35388,44235
E4E,7590,324676000,34220,42776
E4G,2180,94043000,34510,43138
E4H,3450,145575000,33756,42195
E4J,4030,163429000,32442,40553
E4K,4900,229502000,37469,46837
E4L,6210,296614000,38210,47763
E4M,1620,67484000,33324,41656
E4N,3960,194151000,39222,49028
E4P,13870,690496000,39826,49783
E4R,6150,305195000,39700,49625
E4S,6540,272093000,33283,41604
E4T,1880,68945000,29337,36672
E4V,3800,168802000,35536,44421
E4W,7280,251014000,27583,34479
E4X,2650,107059000,32319,40399
E4Y,2750,97814000,28454,35568
E4Z,4700,155305000,26434,33043
E5A,1490,55299000,29690,37113
E5B,2670,149161000,44692,55865
E5C,3610,166404000,36876,46095
E5E,650,27940000,34387,42984
E5G,2090,123539000,47287,59109
E5H,2400,102336000,34112,42640
E5J,1660,82744000,39876,49845
E5K,5870,317802000,43312,54140
E5L,2350,92407000,31457,39322
E5M,1720,77770000,36172,45215
E5N,9900,490773000,39658,49573
E5P,2130,90755000,34085,42607
E5R,1300,55126000,33923,42404
E5S,1520,75525000,39749,49687
E5T,2530,109510000,34627,43284
E5V,600,28267000,37688,47111
E6A,1000,35419000,28335,35419
E6B,1300,49477000,30447,38059
E6C,1740,72623000,33389,41737
E6E,1180,44435000,30124,37656
E6G,2230,97960000,35142,43928
E6H,1030,45390000,35253,44067
E6J,1000,39578000,31662,39578
E6K,3130,148274000,37896,47371
E6L,3880,177702000,36639,45799
E7A,3220,133522000,33172,41466
E7B,4990,215535000,34554,43193
E7C,4400,179651000,32663,40829
E7E,3630,141690000,31226,39033
E7G,3220,114329000,28404,35505
E7H,4520,150988000,26723,33404
E7J,1560,62134000,31863,39829
E7K,1940,76844000,31688,39610
E7L,4300,191320000,35594,44493
E7M,8450,404426000,38288,47861
E7N,2560,112626000,35195,43994
E7P,2850,121349000,34062,42578
E8A,3120,127383000,32661,40827
E8B,2030,77007000,30347,37934
E8C,2940,105197000,28624,35781
E8E,4480,192476000,34370,42963
E8G,2340,77322000,26434,33043
E8J,4960,204865000,33042,41303
E8K,7590,336576000,35475,44344
E8L,2090,76830000,29408,36760
E8M,1800,68155000,30290,37863
E8N,2160,79086000,29290,36613
E8P,3130,126581000,32352,40441
E8R,2900,98990000,27307,34134
E8S,4160,184983000,35573,44467
E8T,5180,226957000,35051,43814
E9A,2120,103829000,39180,48975
E9B,1950,75292000,30888,38611
E9C,1870,68963000,29502,36878
E9E,3200,127223000,31805,39757
E9G,4400,141963000,25811,32264
E9H,2730,95848000,28087,35109
Total,639780,30147171000,37696,47121
G0A,69820,3780838000,43320,54151
G0C,41480,1745523000,33664,42081
G0E,4160,163901000,31519,39399
G0G,13980,729910000,41768,52211
G0H,8460,336386000,31808,39761
G0J,24570,955608000,31114,38893
G0K,9760,431194000,35343,44179
G0L,50900,2196379000,34520,43150
G0M,28600,1254859000,35100,43876
G0N,16830,735437000,34957,43697
G0P,5620,247132000,35178,43973
G0R,71380,3194133000,35798,44748
G0S,58610,2793265000,38126,47658
G0T,11960,534095000,35724,44656
G0V,15310,763611000,39900,49876
G0W,29320,1190029000,32469,40587
G0X,50410,2276202000,36122,45153
G0Y,7950,335687000,33779,42224
G0Z,7540,315367000,33460,41825
G1A,0,0,0,0
G1B,13740,773290000,45024,56280
G1C,30820,1676214000,43509,54387
G1E,22810,1089533000,38212,47765
G1G,20200,1069585000,42359,52949
G1H,24680,1163679000,37720,47150
G1J,18500,748190000,32353,40442
G1K,14750,682058000,36992,46241
G1L,17420,735688000,33785,42232
G1M,16900,750661000,35533,44417
G1N,6710,277213000,33050,41313
G1P,13430,630801000,37575,46969
G1R,13200,840847000,50960,63700
G1S,21500,1508837000,56142,70178
G1T,5840,678501000,92944,116181
G1V,17990,1003871000,44640,55801
G1W,18290,1241170000,54288,67860
G1X,22090,1350382000,48904,61130
G1Y,10980,863110000,62885,78607
G2A,12610,725204000,46008,57510
G2B,20430,1086022000,42526,53158
G2C,10400,615700000,47360,59201
G2E,17600,993186000,45144,56431
G2G,9080,534867000,47124,58906
G2J,2810,169941000,48381,60477
G2K,11470,771300000,53795,67244
G2L,12160,712029000,46844,58555
G2M,4480,276613000,49394,61743
G2N,6660,366213000,43988,54986
G3A,17200,1301677000,60542,75678
G3B,6720,580782000,69140,86425
G3C,8010,515456000,51480,64351
G3E,12730,729060000,45816,57271
G3G,8060,417700000,41458,51823
G3H,8350,439880000,42144,52680
G3J,8290,446123000,43051,53814
G3K,15420,870207000,45146,56433
G3L,9300,445609000,38331,47914
G3M,5910,282894000,38293,47867
G3N,8480,538133000,50767,63459
G3S,4700,314711000,53567,66959
G3Z,6450,305625000,37906,47383
G4A,2620,119211000,36400,45500
G4R,15700,853718000,43500,54376
G4S,3980,216638000,43544,54431
G4T,11470,590056000,41154,51443
G4V,5490,220177000,32084,40105
G4W,12060,533767000,35407,44259
G4X,12840,611228000,38082,47603
G4Z,7680,451849000,47067,58834
G5A,7290,326335000,35811,44764
G5B,4820,290979000,48295,60369
G5C,9510,495954000,41720,52150
G5H,5740,227308000,31680,39600
G5J,5190,233048000,35922,44903
G5L,24840,1128794000,36353,45442
G5M,7240,408865000,45178,56473
G5N,6990,411689000,47116,58896
G5R,16930,815063000,38514,48143
G5T,2530,101952000,32237,40297
G5V,9720,424275000,34919,43649
G5X,5150,236346000,36713,45892
G5Y,19760,905233000,36648,45811
G5Z,6160,336209000,43663,54579
G6A,2030,116580000,45942,57428
G6B,7160,313876000,35069,43837
G6C,6560,358482000,43716,54646
G6E,11060,576399000,41692,52115
G6G,17180,743606000,34626,43283
G6H,6030,252321000,33475,41844
G6J,8690,483194000,44482,55603
G6K,6600,422512000,51212,64016
G6L,13140,566878000,34512,43141
G6P,24980,1067911000,34200,42750
G6R,3800,200306000,42169,52712
G6S,4510,228252000,40488,50610
G6T,9150,488849000,42740,53426
G6V,27480,1394402000,40593,50742
G6W,21390,1212428000,45345,56682
G6X,7740,390913000,40404,50505
G6Y,5800,367775000,50727,63409
G6Z,19520,1201325000,49234,61543
G7A,20860,1409504000,54055,67569
G7B,14790,718838000,38881,48602
G7G,13750,690270000,40160,50201
G7H,24380,1318448000,43263,54079
G7J,12140,621795000,40974,51218
G7K,700,36066000,41217,51522
G7N,5270,322370000,48936,61170
G7P,6130,320589000,41838,52298
G7S,16220,909992000,44882,56103
G7T,1300,81576000,50200,62750
G7X,21580,979751000,36320,45400
G7Y,550,29538000,42964,53705
G7Z,2250,126852000,45102,56378
G8A,5010,247533000,39525,49407
G8B,18760,867054000,36974,46218
G8C,3780,230418000,48765,60957
G8E,3210,158868000,39592,49491
G8G,3310,154944000,37448,46810
G8H,8400,375053000,35719,44649
G8J,3440,159348000,37057,46322
G8K,8880,422845000,38093,47617
G8L,12200,552411000,36223,45279
G8M,4330,198800000,36729,45912
G8N,2120,99311000,37475,46844
G8P,5880,340942000,46386,57983
G8T,23270,925239000,31808,39761
G8V,8370,464710000,44416,55520
G8W,9260,508811000,43957,54947
G8Y,28030,1476554000,42141,52677
G8Z,11360,459748000,32376,40470
G9A,16810,656438000,31240,39050
G9B,15730,951230000,48377,60472
G9C,3130,186479000,47661,59577
G9H,11430,599209000,41939,52424
G9N,13690,508091000,29691,37114
G9P,10210,470394000,36856,46071
G9R,1900,105484000,44413,55517
G9T,13780,602583000,34982,43728
G9X,8920,408517000,36637,45797
H0M,1350,10191000,6038,7548
H1A,27120,1311615000,38690,48363
H1B,16490,720275000,34943,43679
H1C,11470,599704000,41827,52284
H1E,35720,1631657000,36543,45679
H1G,38220,1367180000,28616,35771
H1H,28750,1017587000,28315,35394
H1J,8690,422902000,38932,48665
H1K,28230,1405471000,39828,49786
H1L,27060,1210834000,35796,44746
H1M,24360,1194723000,39235,49044
H1N,19300,866391000,35912,44890
H1P,14470,658096000,36384,45480
H1R,24070,1036826000,34460,43075
H1S,20820,835354000,32097,40122
H1T,25080,1262243000,40262,50328
H1V,17510,870117000,39753,49692
H1W,23550,1093647000,37151,46439
H1X,24020,1175922000,39164,48955
H1Y,22860,1317835000,46118,57648
H1Z,27040,851449000,25190,31488
H2A,15280,565625000,29613,37017
H2B,13940,642471000,36870,46088
H2C,14170,825986000,46632,58291
H2E,18460,787319000,34120,42650
H2G,17300,968418000,44781,55977
H2H,11250,661181000,47016,58771
H2J,20820,1454793000,55899,69874
H2K,22760,1048365000,36848,46061
H2L,21700,1274891000,47000,58750
H2M,15100,827797000,43856,54820
H2N,5180,206774000,31933,39917
H2P,11330,630697000,44532,55666
H2R,18150,1095094000,48268,60335
H2S,21640,1297534000,47967,59959
H2T,12730,786429000,49421,61777
H2V,22410,2305643000,82307,102884
H2W,8510,506672000,47630,59538
H2X,15980,747320000,37412,46765
H2Y,3080,384624000,99901,124877
H2Z,2940,231476000,62986,78733
H3A,3750,406858000,86796,108495
H3B,15270,509543000,26694,33368
H3C,14580,1321007000,72483,90604
H3E,17610,1755052000,79729,99662
H3G,8770,948108000,86486,108108
H3H,16840,927070000,44040,55051
H3J,9240,635389000,55012,68765
H3K,12000,780380000,52024,65031
H3L,16130,980879000,48648,60810
H3M,12360,578937000,37471,46839
H3N,23160,672866000,23241,29052
H3P,7930,946911000,95526,119408
H3R,7760,1115264000,114975,143719
H3S,25320,1113025000,35166,43958
H3T,10040,504918000,40232,50290
H3V,5550,246395000,35516,44395
H3W,23920,1073145000,35890,44863
H3X,18920,1693254000,71596,89495
H3Y,7550,2250519000,238464,298081
H3Z,9270,1233484000,106448,133061
H4A,20300,1592985000,62777,78472
H4B,16200,806186000,39811,49764
H4C,12970,765458000,47213,59017
H4E,23920,1063651000,35573,44467
H4G,23560,1159414000,39368,49211
H4H,15340,841398000,43879,54849
H4J,13620,565719000,33228,41535
H4K,9100,678106000,59613,74517
H4L,28770,1205825000,33529,41912
H4M,9950,569680000,45803,57254
H4N,23090,822925000,28511,35639
H4P,7300,415703000,45556,56945
H4R,23940,1729993000,57810,72263
H4S,460,62926000,109436,136795
H4T,80,32044000,320440,400550
H4V,16030,770273000,38440,48051
H4W,20230,1392475000,55065,68832
H4X,5190,484433000,74671,93339
H4Y,0,0,0,0
H4Z,0,0,0,0
H5A,0,0,0,0
H5B,80,7987000,79869,99837
H7A,16950,855913000,40396,50496
H7B,2240,118108000,42180,52726
H7C,6670,322002000,38620,48276
H7E,21640,1416919000,52380,65476
H7G,17670,848252000,38404,48005
H7H,11010,598215000,43466,54333
H7J,2140,124541000,46556,58196
H7K,18620,1086030000,46660,58325
H7L,30090,1804952000,47988,59985
H7M,23920,1228797000,41096,51371
H7N,35370,1620795000,36659,45824
H7P,30070,1645615000,43780,54726
H7R,24330,1313641000,43193,53992
H7S,6260,286736000,36643,45804
H7T,23320,1188301000,40764,50956
H7V,19480,738442000,30325,37907
H7W,34870,1532864000,35167,43959
H7X,22100,1358758000,49185,61482
H7Y,7760,613136000,63209,79012
H8N,27120,1115824000,32914,41143
H8P,18320,923575000,40330,50413
H8R,24110,994788000,33008,41260
H8S,19680,860892000,34995,43744
H8T,11850,769522000,51950,64938
H8Y,15270,736626000,38592,48240
H8Z,12370,587534000,37996,47496
H9A,12380,875194000,56555,70694
H9B,16980,882745000,41589,51987
H9C,9680,669401000,55321,69152
H9E,2600,210776000,64853,81067
H9G,12640,723834000,45812,57265
H9H,20430,1459052000,57133,71417
H9J,17940,1135967000,50656,63320
H9K,7140,458822000,51408,64260
H9P,3210,154101000,38404,48006
H9R,20670,1272333000,49243,61554
H9S,18770,1400490000,59690,74613
H9W,15450,1623845000,84082,105103
H9X,7850,689280000,70244,87806
J0A,15850,737917000,37244,46556
J0B,53970,2687676000,39839,49799
J0C,19440,856870000,35261,44077
J0E,44060,2388367000,43365,54207
J0G,15850,703604000,35512,44391
J0H,43620,2059478000,37771,47214
J0J,36120,1769444000,39189,48987
J0K,125180,5499385000,35144,43931
J0L,73200,3579113000,39115,48894
J0M,14780,413030000,22356,27945
J0N,31230,1649288000,42248,52811
J0P,35170,2073463000,47164,58955
J0R,33390,2174874000,52108,65135
J0S,28290,1342512000,37964,47455
J0T,42970,2246290000,41820,52275
J0V,22940,1010625000,35244,44055
J0W,14460,589817000,32631,40789
J0X,37880,1779403000,37579,46974
J0Y,22630,1431983000,50622,63278
J0Z,27830,1363384000,39191,48989
J1A,7740,332095000,34324,42906
J1C,5500,278867000,40562,50703
J1E,20270,830671000,32784,40980
J1G,16320,730848000,35825,44782
J1H,22210,845738000,30463,38079
J1J,12570,771062000,49072,61341
J1K,5700,249898000,35072,43841
J1L,13980,697108000,39891,49864
J1M,4590,220955000,38510,48138
J1N,28140,1618349000,46008,57510
J1R,8830,486251000,44054,55068
J1S,6410,293552000,36636,45795
J1T,6540,244625000,29923,37404
J1X,28650,1575818000,44001,55002
J1Z,4600,222734000,38736,48420
J2A,9890,481651000,38960,48700
J2B,26410,1269034000,38440,48051
J2C,25760,1219632000,37876,47345
J2E,3680,171648000,37314,46643
J2G,23800,941685000,31652,39566
J2H,18910,1106729000,46820,58526
J2J,15420,686743000,35628,44535
J2K,15180,679040000,35785,44732
J2L,9500,764332000,64364,80456
J2M,6180,376838000,48781,60977
J2N,8220,372267000,36229,45287
J2R,8690,451263000,41542,51928
J2S,24530,1119522000,36510,45638
J2T,14460,676161000,37408,46760
J2W,23720,1469872000,49573,61967
J2X,16550,853844000,41272,51591
J2Y,4600,260668000,45332,56666
J3A,7840,313124000,31951,39939
J3B,27550,1288030000,37401,46752
J3E,25220,1644427000,52162,65203
J3G,27460,1636321000,47671,59589
J3H,22080,1581069000,57284,71606
J3L,42070,2733144000,51972,64966
J3M,8880,446285000,40205,50257
J3N,13700,889208000,51924,64905
J3P,21660,995836000,36780,45975
J3R,12380,603566000,39002,48753
J3T,7120,342031000,38430,48038
J3V,21460,1880348000,70096,87621
J3X,17360,1129793000,52064,65080
J3Y,54200,2824386000,41688,52110
J3Z,4440,268095000,48304,60381
J4B,35460,2926461000,66022,82528
J4G,8180,507411000,49624,62030
J4H,12780,724610000,45358,56698
J4J,24410,1078176000,35335,44169
J4K,21240,919977000,34650,43313
J4L,25140,1077855000,34299,42874
J4M,10390,621214000,47831,59789
J4N,9730,787589000,64755,80944
J4P,8990,789422000,70248,87811
J4R,8600,781092000,72659,90824
J4S,5180,495643000,76546,95683
J4T,15340,636212000,33179,41474
J4V,13730,678919000,39557,49447
J4W,14940,686557000,36763,45954
J4X,16020,1062703000,53068,66336
J4Y,20370,1258579000,49428,61785
J4Z,22690,1168197000,41188,51485
J5A,24040,1336766000,44484,55605
J5B,6760,369525000,43730,54663
J5C,13980,725298000,41504,51881
J5J,14360,691580000,38528,48160
J5K,13470,757282000,44975,56219
J5L,18260,1006112000,44079,55099
J5M,18240,798550000,35024,43780
J5N,11100,521487000,37584,46980
J5R,39600,2884388000,58270,72838
J5T,12000,584497000,38966,48708
J5V,6260,237676000,30373,37967
J5W,21110,1143506000,43334,54168
J5X,7070,332973000,37676,47096
J5Y,23780,1395465000,46945,58682
J5Z,22950,1170609000,40804,51006
J6A,28970,1596621000,44089,55112
J6E,39080,1809701000,37045,46307
J6J,19960,945236000,37884,47356
J6K,20260,932630000,36826,46033
J6N,13320,692656000,41600,52001
J6R,11630,663071000,45610,57013
J6S,20970,956412000,36486,45608
J6T,14880,660200000,35494,44368
J6V,11940,735209000,49260,61575
J6W,26250,1422590000,43354,54193
J6X,20750,1141273000,44000,55001
J6Y,17150,1080208000,50388,62985
J6Z,15750,1072599000,54480,68101
J7A,11830,906912000,61329,76662
J7B,10830,957511000,70729,88412
J7C,37690,2328681000,49428,61785
J7E,23840,1181425000,39644,49556
J7G,14200,811219000,45702,57128
J7H,6860,398655000,46489,58112
J7J,22120,1269924000,45928,57410
J7K,29400,1631813000,44402,55503
J7L,11080,637208000,46007,57509
J7M,18980,879107000,37053,46317
J7N,26100,1436754000,44038,55048
J7P,20860,1057401000,40552,50690
J7R,31160,1635711000,41994,52493
J7T,23430,1532870000,52338,65423
J7V,54990,3121018000,45404,56756
J7W,11800,649300000,44020,55025
J7X,4470,227135000,40650,50813
J7Y,22240,979077000,35218,44023
J7Z,25290,1031613000,32632,40791
J8A,8830,519889000,47101,58877
J8B,12070,651297000,43167,53959
J8C,9800,445627000,36377,45472
J8E,9290,556148000,47892,59865
J8G,6870,309134000,35997,44997
J8H,12300,512027000,33302,41628
J8L,16240,846064000,41677,52097
J8M,10130,533224000,42110,52638
J8N,10290,616672000,47943,59929
J8P,27350,1339581000,39183,48979
J8R,22620,1393072000,49268,61585
J8T,31990,1623730000,40605,50757
J8V,21420,1507801000,56313,70392
J8X,7570,343291000,36278,45348
J8Y,18100,846741000,37424,46781
J8Z,11500,685745000,47704,59630
J9A,16900,1152246000,54544,68180
J9B,6140,562698000,73315,91644
J9E,6430,234096000,29124,36406
J9H,24230,1464627000,48356,60446
J9J,28740,1990996000,55420,69276
J9L,12230,528401000,34564,43205
J9P,26730,1581474000,47331,59164
J9T,10670,560692000,42038,52548
J9V,2930,148790000,40624,50781
J9X,19100,999660000,41870,52338
J9Y,8590,542298000,50504,63131
J9Z,6270,311010000,39681,49602
Total,6908640,370116909000,42858,53573
K0A,88690,6170147000,55655,69569
K0B,17640,924170000,41912,52390
K0C,43710,2336754000,42768,53460
K0E,32290,1703925000,42215,52769
K0G,32470,1943022000,47872,59840
K0H,37220,2157369000,46369,57962
K0J,28740,1449135000,40337,50422
K0K,95420,4970717000,41674,52093
K0L,62870,3297790000,41963,52454
K0M,43700,2355303000,43117,53897
K1A,70,8624000,98560,123200
K1B,13580,778541000,45863,57329
K1C,30350,2110986000,55643,69554
K1E,12160,771724000,50771,63464
K1G,27830,1587675000,45639,57049
K1H,13040,1117003000,68527,85659
K1J,22120,1414438000,51154,63943
K1K,25810,1412822000,43791,54739
K1L,13820,759095000,43941,54927
K1M,5390,739291000,109727,137159
K1N,21210,1338992000,50504,63130
K1P,720,1060115000,1177904,1472381
K1R,14810,1024289000,55328,69161
K1S,24300,2449162000,80630,100788
K1T,30930,1772667000,45849,57312
K1V,43720,2657329000,48624,60780
K1W,10720,808806000,60358,75448
K1X,3370,229344000,54443,68054
K1Y,16050,1575412000,78524,98156
K1Z,17360,1159791000,53446,66808
K2A,13790,1331999000,77272,96591
K2B,26000,1360537000,41862,52328
K2C,22650,1381979000,48811,61014
K2E,15970,978871000,49035,61294
K2G,40470,2641027000,52206,65258
K2H,21320,1526293000,57271,71589
K2J,62300,4069619000,52257,65322
K2K,20030,1582867000,63219,79024
K2L,14950,935561000,50063,62579
K2M,22420,1627757000,58081,72602
K2P,14130,1019851000,57740,72176
K2R,1030,149041000,115760,144700
K2S,30350,2399135000,63238,79048
K2T,9220,732627000,63568,79460
K2V,7330,508694000,55518,69398
K2W,6480,569125000,70261,87827
K4A,48150,3367685000,55952,69941
K4B,3880,296118000,61055,76319
K4C,3710,311426000,67153,83942
K4K,13650,844143000,49472,61841
K4M,11890,1160004000,78048,97561
K4P,8290,694496000,67020,83775
K4R,6890,475527000,55212,69016
K6A,10950,480898000,35133,43917
K6H,26040,1087000000,33394,41743
K6J,14380,601258000,33449,41812
K6K,2740,138773000,40517,50647
K6T,550,31632000,46009,57512
K6V,23480,1229802000,41900,52376
K7A,13990,686266000,39243,49054
K7C,16130,996211000,49408,61761
K7G,7310,422845000,46275,57844
K7H,13600,820091000,48240,60300
K7K,24810,1261292000,40670,50838
K7L,14350,1133075000,63167,78959
K7M,39050,2158293000,44215,55269
K7N,6400,344062000,43007,53759
K7P,19670,1255757000,51072,63841
K7R,12230,610656000,39944,49930
K7S,11610,630378000,43436,54296
K7V,11470,556425000,38808,48511
K8A,21740,1103039000,40589,50737
K8B,400,27829000,55657,69572
K8H,11340,730475000,51532,64415
K8N,26160,1480272000,45268,56585
K8P,18520,795791000,34375,42969
K8R,1550,85554000,44156,55196
K8V,23020,1126308000,39141,48927
K9A,22760,1356588000,47683,59604
K9H,22870,1076422000,37652,47066
K9J,35640,1799953000,40402,50503
K9K,11340,681546000,48080,60101
K9L,6410,358130000,44696,55870
K9V,23660,1150565000,38903,48629
L0A,11970,774653000,51772,64716
L0B,12810,886162000,55341,69177
L0C,7900,509546000,51599,64499
L0E,17110,899556000,42059,52574
L0G,35550,2455268000,55252,69065
L0H,950,77161000,64977,81222
L0J,4080,557162000,109247,136559
L0K,31300,1713961000,43807,54759
L0L,34010,2180290000,51285,64107
L0M,28630,1605039000,44848,56061
L0N,2130,134811000,50632,63291
L0P,6340,567662000,71628,89536
L0R,67640,4295247000,50800,63501
L0S,50090,3327580000,53145,66432
L1A,13200,766186000,46435,58044
L1B,10460,650540000,49754,62193
L1C,37370,2234834000,47841,59802
L1E,22350,1405788000,50318,62898
L1G,34920,1705351000,39068,48835
L1H,24840,1162187000,37428,46786
L1J,33240,1553202000,37380,46726
L1K,33200,1845459000,44468,55586
L1L,9340,481312000,41225,51532
L1M,16430,1327829000,64653,80817
L1N,39360,2387800000,48532,60665
L1P,17490,1113003000,50908,63636
L1R,33170,2196806000,52982,66228
L1S,33490,1828942000,43688,54611
L1T,41900,2287014000,43665,54582
L1V,42580,2635331000,49512,61891
L1W,14900,976693000,52439,65549
L1X,19820,1164753000,47012,58766
L1Y,1730,172134000,79599,99499
L1Z,23600,1380270000,46788,58486
L2A,13740,630622000,36716,45896
L2E,15360,600555000,31278,39098
L2G,24730,1035055000,33483,41854
L2H,24320,1189589000,39131,48914
L2J,12750,668188000,41924,52406
L2M,27080,1249230000,36904,46131
L2N,25510,1419797000,44524,55656
L2P,12020,515386000,34301,42877
L2R,20060,954544000,38067,47584
L2S,16280,811385000,39871,49839
L2T,9570,513266000,42905,53632
L2V,15740,705343000,35849,44812
L2W,1640,109977000,53647,67059
L3B,19960,848254000,33997,42497
L3C,27520,1331760000,38713,48392
L3J,190,1908000,8033,10042
L3K,15550,745233000,38339,47924
L3L,670,87174000,104088,130110
L3M,22650,1544468000,54550,68188
L3P,31620,2142907000,54216,67770
L3R,55070,3222397000,46811,58514
L3S,47680,1993095000,33440,41801
L3T,43790,3053274000,55780,69725
L3V,39360,2009138000,40836,51045
L3X,36510,2331396000,51084,63856
L3Y,35370,2009143000,45442,56803
L3Z,31310,1705749000,43583,54479
L4A,38560,3045150000,63176,78971
L4B,33260,2274086000,54698,68373
L4C,63990,3763465000,47050,58813
L4E,43550,2791865000,51285,64107
L4G,49760,3857575000,62018,77523
L4H,60500,4001500000,52912,66140
L4J,64670,4865322000,60186,75233
L4K,17820,1063448000,47741,59677
L4L,48290,3358894000,55644,69556
L4M,38600,1987592000,41193,51492
L4N,78280,4239767000,43328,54161
L4P,23370,1246814000,42680,53351
L4R,15890,779432000,39240,49051
L4S,30660,1744039000,45506,56883
L4T,35660,1172065000,26293,32867
L4V,50,10221000,163536,204420
L4W,17510,1071688000,48963,61204
L4X,14970,688516000,36794,45993
L4Y,19360,1034593000,42751,53439
L4Z,32280,1593627000,39494,49368
L5A,39070,1734157000,35508,44385
L5B,54910,2634789000,38386,47983
L5C,25140,1370943000,43625,54532
L5E,10480,667842000,50980,63725
L5G,16720,1618588000,77444,96805
L5H,14190,1632370000,92028,115036
L5J,22890,1736565000,60692,75865
L5K,10820,678062000,50133,62667
L5L,37060,2269384000,48988,61235
L5M,89490,5069422000,45317,56647
L5N,69340,3953612000,45613,57017
L5P,0,0,0,0
L5R,32790,1622852000,39593,49492
L5S,150,12747000,67984,84980
L5T,240,16970000,56566,70708
L5V,43480,2139071000,39356,49196
L5W,21300,1144270000,42976,53721
L6A,72250,4548967000,50368,62961
L6B,25760,1426830000,44311,55389
L6C,41770,2675518000,51242,64053
L6E,30210,1635864000,43319,54149
L6G,6240,319026000,40900,51125
L6H,58100,4494934000,61892,77365
L6J,20080,3200304000,127501,159377
L6K,11460,1040401000,72628,90785
L6L,24430,2291875000,75050,93813
L6M,55830,4556066000,65284,81606
L6P,82300,3550041000,34508,43135
L6R,85400,3277381000,30700,38376
L6S,47150,2115807000,35898,44873
L6T,32660,1293260000,31677,39597
L6V,35710,1429123000,32016,40020
L6W,19380,906871000,37435,46794
L6X,66950,2942570000,35160,43951
L6Y,89970,3821660000,33981,42477
L6Z,29310,1469685000,40113,50142
L7A,88030,3870814000,35176,43971
L7B,13890,1602437000,92292,115366
L7C,28280,1882644000,53256,66571
L7E,28050,1971086000,56216,70270
L7G,38810,2826270000,58258,72823
L7J,10980,697779000,50840,63550
L7K,6860,543184000,63344,79181
L7L,37290,2879496000,61774,77218
L7M,38750,2999862000,61932,77415
L7N,10910,965889000,70825,88532
L7P,23850,1831950000,61448,76811
L7R,13890,1028776000,59252,74065
L7S,9920,701489000,56571,70714
L7T,15200,1154743000,60775,75969
L8B,18670,1335527000,57226,71533
L8E,33890,1788391000,42216,52770
L8G,18340,952093000,41530,51913
L8H,20430,829603000,32485,40607
L8J,22630,1240113000,43839,54799
L8K,25860,1194547000,36953,46192
L8L,23150,866628000,29948,37435
L8M,9920,446438000,36002,45003
L8N,11720,479977000,32762,40953
L8P,18900,1141835000,48331,60414
L8R,8790,343312000,31245,39057
L8S,12270,605299000,39464,49331
L8T,15920,782635000,39328,49160
L8V,16990,736344000,34671,43339
L8W,21110,994836000,37700,47126
L9A,21040,957498000,36406,45508
L9B,20940,1109041000,42369,52962
L9C,33610,1711141000,40728,50911
L9E,11940,762147000,51064,63831
L9G,20460,1869345000,73092,91365
L9H,25500,1927853000,60481,75602
L9J,1800,91762000,40782,50978
L9K,12650,861932000,54508,68136
L9L,12200,860194000,56405,70507
L9M,13080,647373000,39594,49493
L9N,16700,972237000,46573,58217
L9P,14040,1093745000,62321,77902
L9R,20210,1136723000,44996,56245
L9S,25250,1412711000,44758,55948
L9T,81310,4979686000,48994,61243
L9V,13350,729963000,43742,54678
L9W,38610,2365246000,49007,61259
L9X,9990,789702000,63239,79049
L9Y,23320,1734587000,59504,74381
L9Z,20550,1005438000,39140,48926
M1B,56090,2187360000,31197,38997
M1C,30930,1858660000,48073,60092
M1E,40030,1771317000,35399,44249
M1G,26090,919745000,28201,35252
M1H,20890,830389000,31800,39750
M1J,30200,1108189000,29356,36695
M1K,41200,1525887000,29628,37036
M1L,28460,1183759000,33274,41593
M1M,19780,1061071000,42914,53643
M1N,18260,1252928000,54892,68615
M1P,37640,1445747000,30727,38409
M1R,26070,1095105000,33604,42006
M1S,33410,1384051000,33140,41426
M1T,29420,1299606000,35339,44174
M1V,45320,1668101000,29445,36807
M1W,41410,1813120000,35027,43784
M1X,13030,532653000,32702,40878
M2H,20990,1103539000,42059,52574
M2J,53440,2722720000,40759,50949
M2K,21530,1441720000,53570,66963
M2L,9500,1347224000,113450,141813
M2M,28920,1524674000,42176,52720
M2N,73710,4619974000,50141,62677
M2P,6420,960540000,119692,149616
M2R,34970,1608109000,36788,45985
M3A,27710,1525348000,44036,55046
M3B,11610,1611429000,111036,138796
M3C,32520,1620270000,39858,49823
M3H,31270,2283501000,58420,73025
M3J,25910,973832000,30068,37585
M3K,7010,374756000,42768,53460
M3L,16020,603991000,30161,37702
M3M,20430,837289000,32786,40983
M3N,32780,1041384000,25414,31768
M4A,11880,556545000,37477,46847
M4B,14810,878196000,47437,59297
M4C,36220,2050780000,45296,56620
M4E,19240,2104338000,87498,109373
M4G,15540,2335052000,120208,150260
M4H,13990,412318000,23577,29472
M4J,27410,1897540000,55382,69228
M4K,24050,2044495000,68008,85010
M4L,23790,2120935000,71321,89152
M4M,19130,1560408000,65254,81568
M4N,12600,3262592000,207148,258935
M4P,19560,1569591000,64195,80244
M4R,9400,1376656000,117161,146452
M4S,24260,2254415000,74341,92927
M4T,9180,2356703000,205376,256721
M4V,15110,3126690000,165542,206928
M4W,12670,3080528000,194508,243135
M4X,16170,798173000,39488,49361
M4Y,29270,1760953000,48129,60162
M5A,38200,2573546000,53896,67370
M5B,13450,741300000,44092,55115
M5C,3480,619286000,142364,177955
M5E,9820,1116588000,90964,113705
M5G,21310,783771000,29423,36779
M5H,2980,888885000,238626,298283
M5J,13180,1399960000,84974,106218
M5K,160,92364000,461820,577275
M5L,30,8277000,220720,275900
M5M,20330,3120424000,122790,153488
M5N,12690,1871102000,117956,147446
M5P,15490,2601383000,134351,167939
M5R,19940,3271198000,131241,164052
M5S,13650,1152804000,67563,84454
M5T,15090,824775000,43725,54657
M5V,44300,4097401000,73993,92492
M5W,90,10261000,91208,114011
M5X,60,55683000,742440,928050
M6A,18180,927531000,40815,51019
M6B,23200,1635651000,56401,70502
M6C,18620,1745998000,75016,93770
M6E,30490,1459655000,38298,47873
M6G,23440,2010168000,68606,85758
M6H,34870,2063528000,47341,59177
M6J,24370,1975180000,64839,81049
M6K,31340,1921368000,49045,61307
M6L,16790,735556000,35047,43809
M6M,33290,1343235000,32279,40349
M6N,32920,1449394000,35221,44027
M6P,30640,2300424000,60063,75079
M6R,14440,1433305000,79407,99259
M6S,26130,2780449000,85126,106408
M7A,0,0,0,0
M7Y,0,0,0,0
M8V,34390,2341024000,54457,68072
M8W,17880,1188641000,53182,66478
M8X,9040,1516885000,134237,167797
M8Y,17120,1360833000,63589,79487
M8Z,14900,1212504000,65100,81376
M9A,29850,3230054000,86567,108209
M9B,27580,2028826000,58848,73561
M9C,32110,1928892000,48056,60071
M9L,10520,403372000,30674,38343
M9M,19670,774780000,31510,39388
M9N,21000,883650000,33662,42078
M9P,17060,1095983000,51393,64242
M9R,28030,1316844000,37583,46979
M9V,47260,1631067000,27609,34512
M9W,36190,1482907000,32780,40975
N0A,31230,1519246000,38917,48647
N0B,67120,5038440000,60052,75066
N0C,13510,696247000,41228,51535
N0E,29580,1647321000,44552,55690
N0G,64890,3517601000,43366,54208
N0H,43370,2838066000,52350,65438
N0J,26000,1418766000,43653,54567
N0K,18860,1044982000,44325,55407
N0L,41490,2481196000,47841,59802
N0M,55840,3426582000,49091,61364
N0N,33870,2157125000,50950,63688
N0P,44060,2270685000,41228,51536
N0R,39660,2510820000,50646,63308
N1A,10220,488170000,38212,47766
N1C,3110,232833000,59892,74865
N1E,34300,2048106000,47768,59711
N1G,23130,1492733000,51628,64536
N1H,33360,1873241000,44921,56152
N1K,9120,467759000,41031,51289
N1L,13320,892621000,53610,67013
N1M,14650,844894000,46136,57671
N1P,6060,328349000,43346,54183
N1R,34260,1621792000,37869,47337
N1S,15910,944201000,47476,59346
N1T,15030,872537000,46442,58053
N2A,25690,1488593000,46355,57944
N2B,14060,728119000,41428,51786
N2C,14920,621153000,33305,41632
N2E,31950,1509411000,37793,47242
N2G,12000,604518000,40300,50376
N2H,17480,997872000,45668,57086
N2J,16510,1005801000,48736,60920
N2K,23810,1943197000,65289,81612
N2L,29770,1736655000,46668,58335
N2M,28260,1425701000,40359,50449
N2N,21770,1174967000,43176,53971
N2P,20260,1330383000,52532,65665
N2R,14130,786163000,44509,55637
N2T,17010,1281865000,60287,75359
N2V,15350,1070814000,55807,69759
N2Z,9740,730183000,59973,74967
N3A,13300,901122000,54202,67753
N3B,9760,638030000,52296,65371
N3C,21570,1288161000,47776,59720
N3E,1920,108219000,45091,56364
N3H,19790,986998000,39898,49873
N3L,13960,817101000,46824,58531
N3P,6750,318173000,37708,47136
N3R,29090,1479854000,40696,50871
N3S,20830,852473000,32740,40925
N3T,30830,1582339000,41059,51324
N3V,1320,71962000,43612,54516
N3W,12290,726699000,47303,59129
N3Y,19890,1024095000,41189,51487
N4B,6540,318020000,38900,48626
N4G,17590,908628000,41324,51655
N4K,23760,1232830000,41508,51886
N4L,6870,368877000,42954,53693
N4N,8550,432966000,40511,50639
N4S,26860,1360919000,40533,50667
N4T,11880,652400000,43932,54915
N4V,2660,132201000,39759,49699
N4W,10010,525232000,41976,52470
N4X,8390,507215000,48363,60454
N4Z,1890,102541000,43403,54254
N5A,27320,1524649000,44645,55807
N5C,12510,657969000,42076,52595
N5H,11850,557779000,37655,47069
N5L,3070,192558000,50177,62722
N5P,16700,857857000,41094,51368
N5R,24340,1205984000,39637,49547
N5V,26960,1083092000,32139,40174
N5W,19890,820331000,32994,41243
N5X,28380,1766723000,49801,62252
N5Y,28510,1163842000,32657,40822
N5Z,18510,725184000,31341,39177
N6A,9760,738774000,60555,75694
N6B,8240,353726000,34341,42927
N6C,24130,1334144000,44231,55289
N6E,21210,826091000,31158,38948
N6G,39600,2391150000,48305,60382
N6H,35160,1945283000,44260,55326
N6J,21920,1017320000,37128,46410
N6K,30320,2143764000,56563,70704
N6L,3920,194467000,39686,49608
N6M,6620,338468000,40902,51128
N6N,570,41476000,58211,72764
N6P,8560,684353000,63957,79947
N7A,10510,586157000,44616,55771
N7G,15870,824591000,41567,51959
N7L,20790,991323000,38145,47682
N7M,20400,1053570000,41316,51645
N7S,22990,1372998000,47776,59721
N7T,20650,941588000,36477,45597
N7V,9810,632991000,51620,64525
N7W,2320,150012000,51728,64660
N7X,960,110461000,92050,115063
N8A,11270,459136000,32591,40739
N8H,31160,1313991000,33735,42169
N8M,9590,515353000,42990,53738
N8N,20380,1461739000,57379,71724
N8P,11970,689327000,46069,57587
N8R,10210,456123000,35739,44674
N8S,18170,967207000,42584,53230
N8T,13860,537777000,31040,38800
N8V,160,8002000,40009,50012
N8W,19540,914520000,37441,46802
N8X,12850,480409000,29908,37385
N8Y,14870,679713000,36568,45710
N9A,19600,614044000,25062,31328
N9B,16440,534753000,26021,32527
N9C,9770,314887000,25783,32229
N9E,17750,1008379000,45448,56810
N9G,16700,925418000,44331,55414
N9H,10690,769062000,57553,71942
N9J,17040,1134934000,53283,66604
N9K,2300,146674000,51016,63771
N9V,17590,1056400000,48044,60056
N9Y,13060,777795000,47644,59555
P0A,14530,670445000,36913,46142
P0B,7670,508249000,53011,66264
P0C,3330,204724000,49182,61478
P0E,2770,152722000,44107,55134
P0G,2790,157496000,45160,56450
P0H,26900,1356477000,40340,50426
P0J,17100,873650000,40872,51090
P0K,8950,462634000,41352,51690
P0L,18620,796081000,34203,42754
P0M,40480,2202371000,43524,54406
P0N,7300,418695000,45884,57355
P0P,15780,600327000,30434,38043
P0R,10570,495523000,37504,46880
P0S,8280,439207000,42435,53044
P0T,24950,1199932000,38474,48093
P0V,15110,436763000,23124,28905
P0W,4960,228542000,36861,46077
P0X,5610,247548000,35300,44126
P0Y,50,2597000,41552,51940
P1A,13610,676419000,39760,49700
P1B,26850,1287714000,38367,47959
P1C,2710,239274000,70633,88292
P1H,14820,851376000,45957,57447
P1L,14560,835485000,45905,57382
P1P,8390,426096000,40628,50786
P2A,11580,599697000,41429,51787
P2B,8200,375809000,36664,45830
P2N,5530,278975000,40357,50447
P3A,19770,1082142000,43788,54736
P3B,12740,657738000,41301,51627
P3C,13020,521964000,32071,40089
P3E,22800,1601128000,56179,70224
P3G,3400,284426000,66923,83654
P3L,6360,386773000,48650,60813
P3N,6360,381516000,47988,59986
P3P,12250,738551000,48231,60289
P3Y,6120,415801000,54352,67941
P4N,20090,1069493000,42588,53235
P4P,2570,157184000,48928,61161
P4R,3790,260502000,54987,68734
P5A,9700,379191000,31272,39091
P5E,4420,225190000,40757,50947
P5N,6830,351326000,41150,51438
P6A,28720,1544887000,43032,53791
P6B,18980,968464000,40820,51025
P6C,15580,727023000,37330,46663
P7A,22510,1193776000,42426,53033
P7B,18270,946325000,41436,51796
P7C,17000,786670000,37019,46274
P7E,16450,767648000,37332,46665
P7G,10420,716604000,55016,68771
P7J,4010,261506000,52170,65213
P7K,5500,393855000,57288,71610
P7L,1660,99552000,47976,59971
P8N,8700,478281000,43979,54974
P8T,3930,218690000,44516,55646
P9A,7990,418514000,41903,52379
P9N,11280,624058000,44259,55324
Total,11543260,691771417000,47942,59928
R0A,29940,1420053000,37943,47429
R0B,27900,415806000,11922,14903
R0C,41700,1793807000,34412,43016
R0E,27680,1306838000,37769,47212
R0G,32530,1695370000,41693,52117
R0H,10410,398308000,30609,38262
R0J,21640,978230000,36163,45204
R0K,19960,1036986000,41562,51953
R0L,20480,805837000,31477,39347
R0M,14710,729850000,39692,49615
R1A,17130,944440000,44106,55133
R1B,260,13815000,42507,53134
R1C,3180,193120000,48583,60729
R1N,15400,660396000,34305,42882
R2C,25950,1285748000,39637,49547
R2E,8090,739606000,73137,91422
R2G,27700,1442236000,41652,52066
R2H,12540,638038000,40704,50880
R2J,21670,1198747000,44254,55318
R2K,26730,1199141000,35888,44861
R2L,11100,418835000,30185,37732
R2M,30390,1552756000,40875,51094
R2N,26040,1563971000,48048,60060
R2P,29170,1162704000,31887,39859
R2R,21060,849025000,32251,40314
R2V,30480,1453330000,38144,47681
R2W,19970,635025000,25438,31798
R2X,15180,558256000,29420,36775
R2Y,15290,769673000,40270,50338
R3A,3320,87272000,21028,26286
R3B,9160,352232000,30762,38453
R3C,15610,568423000,29131,36414
R3E,14130,488230000,27641,34552
R3G,19140,841573000,35175,43969
R3H,160,14891000,74454,93068
R3J,22180,1113016000,40144,50181
R3K,10230,656162000,51312,64140
R3L,15950,873360000,43804,54756
R3M,17290,1220097000,56452,70566
R3N,13000,954250000,58722,73403
R3P,17210,1797216000,83542,104428
R3R,20720,1426902000,55092,68865
R3S,450,67280000,119608,149511
R3T,41890,1900747000,36299,45374
R3V,5180,272636000,42105,52632
R3W,12290,630176000,41020,51275
R3X,17170,1293146000,60251,75314
R3Y,25480,1560068000,48981,61227
R4A,4070,270702000,53208,66511
R4G,1300,115622000,71152,88940
R4H,2170,209613000,77276,96595
R4J,910,74840000,65792,82241
R4K,700,42733000,48837,61047
R4L,1000,67048000,53638,67048
R5A,3020,197900000,52423,65529
R5G,19890,904900000,36396,45495
R5H,4280,197711000,36955,46194
R5J,1040,50129000,38560,48200
R5K,4370,262234000,48005,60007
R5L,1810,95212000,42082,52603
R5M,1910,118550000,49654,62068
R5N,4420,302473000,54745,68432
R5P,590,29232000,39636,49545
R5R,980,71091000,58032,72541
R5T,640,43815000,54768,68460
R6M,8840,415018000,37557,46947
R6P,380,13252000,27898,34873
R6T,180,6571000,29204,36505
R6W,15220,660372000,34710,43388
R7A,25790,1173565000,36403,45504
R7B,17590,1013457000,46092,57615
R7C,2200,135327000,49209,61512
R7N,8150,387979000,38083,47604
R8A,4300,255854000,47600,59500
R8N,9080,513911000,45278,56598
R9A,5850,291636000,39881,49852
Total,1035490,51898371000,40095,50119
R8A,190,11812000,49734,62168
S0A,41550,1990612000,38326,47908
S0C,16360,1005071000,49147,61434
S0E,26200,1276592000,38979,48724
S0G,50630,2716763000,42927,53659
S0H,16650,852620000,40966,51208
S0J,37050,1301998000,28112,35141
S0K,69200,3849058000,44497,55622
S0L,24210,1411153000,46630,58288
S0M,35650,1388980000,31168,38961
S0N,16260,825877000,40632,50791
S0P,5050,149065000,23613,29517
S2V,650,53143000,65406,81758
S3N,15470,808067000,41787,52234
S4A,9800,652193000,53240,66550
S4H,9690,594201000,49056,61321
S4K,0,0,0,0
S4L,4960,443840000,71586,89483
S4M,0,0,0,0
S4N,23830,1157858000,38870,48588
S4P,11740,561643000,38272,47840
S4R,27170,1328926000,39128,48911
S4S,28030,1988291000,56747,70934
S4T,23180,1095968000,37824,47280
S4V,26540,2088261000,62946,78683
S4W,10520,621709000,47277,59097
S4X,22590,1495243000,52952,66190
S4Y,4370,324537000,59411,74264
S4Z,1030,59455000,46178,57723
S6H,23290,1201010000,41253,51567
S6J,4350,287750000,52919,66149
S6K,990,67364000,54435,68044
S6V,31260,1470701000,37637,47047
S6W,250,19998000,63993,79992
S6X,1750,135080000,61750,77188
S7A,140,14748000,84273,105342
S7B,380,15776000,33212,41515
S7C,890,74978000,67395,84244
S7H,29210,1627763000,44580,55726
S7J,24730,1469656000,47542,59428
S7K,32530,2117676000,52079,65099
S7L,31990,1404841000,35132,43915
S7M,24000,1066261000,35541,44427
S7N,20950,1353576000,51687,64609
S7P,210,34411000,131088,163861
S7R,6290,340772000,43340,54176
S7S,4830,318696000,52785,65982
S7T,12290,928076000,60411,75514
S7V,12610,929437000,58964,73706
S7W,13110,904692000,55205,69007
S9A,11820,566384000,38333,47917
S9H,15610,888351000,45527,56909
S9V,10730,576627000,42991,53739
S9X,6510,305203000,37505,46882
Total,879280,48172961000,43828,54786
T0A,44510,2282982000,41032,51291
T0B,47660,2606857000,43756,54696
T0C,46780,2314154000,39574,49468
T0E,29140,1564916000,42962,53703
T0G,30130,1410033000,37438,46798
T0H,59280,3074403000,41489,51862
T0J,38340,1966286000,41028,51285
T0K,43940,2085452000,37968,47461
T0L,41950,2217278000,42284,52855
T0M,50730,2854892000,45020,56276
T0P,1710,72799000,34057,42572
T0V,0,0,0,0
T1A,20810,1039869000,39975,49969
T1B,25920,1608832000,49655,62069
T1C,7250,440667000,48624,60781
T1G,8620,443135000,41125,51407
T1H,21790,1016700000,37327,46659
T1J,19830,1121076000,45227,56534
T1K,36430,2205803000,48439,60549
T1L,6550,365014000,44581,55727
T1M,8030,440320000,43867,54834
T1P,13650,812029000,47591,59489
T1R,13690,718364000,41978,52473
T1S,33940,2856317000,67325,84157
T1V,13420,763191000,45495,56869
T1W,13080,1137158000,69550,86938
T1X,18810,1263569000,53740,67175
T1Y,43980,1732997000,31523,39404
T1Z,1930,159109000,65951,82439
T2A,46280,1795132000,31030,38788
T2B,17410,723332000,33236,41546
T2C,17080,1182055000,55364,69206
T2E,27430,1915716000,55872,69840
T2G,12540,913769000,58294,72868
T2H,7870,493693000,50184,62731
T2J,34300,2703683000,63059,78824
T2K,26840,1493803000,44524,55655
T2L,11290,811592000,57508,71885
T2M,15880,1365525000,68792,85990
T2N,19250,2140247000,88944,111181
T2P,13670,1341123000,78485,98107
T2R,13330,1074309000,64474,80593
T2S,11130,1847271000,132777,165972
T2T,22260,3149788000,113199,141499
T2V,25380,2330709000,73465,91832
T2W,32130,2115437000,52671,65839
T2X,42410,2880969000,54344,67931
T2Y,48190,2877851000,47774,59718
T2Z,52130,3543952000,54385,67982
T3A,42780,3002844000,56153,70192
T3B,29390,2262751000,61592,76990
T3C,18250,1327723000,58200,72751
T3E,31200,2523227000,64697,80872
T3G,46300,3073025000,53097,66372
T3H,56390,5773970000,81914,102393
T3J,64840,2457573000,30321,37902
T3K,62550,3384070000,43280,54101
T3L,23280,2086614000,71704,89631
T3M,39730,3103009000,62481,78102
T3N,25690,1118794000,34839,43549
T3P,20010,1225986000,49014,61268
T3R,25250,1830630000,58000,72500
T3S,270,16687000,49442,61803
T3T,800,7104000,7104,8880
T3Z,9400,1659926000,141269,176587
T4A,15180,998105000,52600,65751
T4B,41200,2642826000,51316,64146
T4C,28320,2129492000,60154,75193
T4E,4160,320186000,61573,76967
T4G,9930,551910000,44464,55580
T4H,9840,565161000,45948,57435
T4J,9450,522381000,44222,55278
T4L,14190,848804000,47853,59817
T4M,5160,338089000,52416,65521
T4N,23530,1256522000,42720,53400
T4P,25070,1395964000,44545,55682
T4R,28630,1881490000,52573,65717
T4S,15610,1036184000,53103,66379
T4T,11570,638206000,44128,55160
T4V,16630,929967000,44736,55921
T4X,19430,1412991000,58177,72722
T5A,25890,1196941000,36984,46231
T5B,11630,483939000,33288,41611
T5C,12280,544684000,35484,44355
T5E,24780,1142071000,36870,46088
T5G,9340,387322000,33175,41469
T5H,20300,845321000,33312,41641
T5J,7970,529375000,53136,66420
T5K,16990,1134003000,53396,66745
T5L,12890,626366000,38874,48593
T5M,11430,645056000,45148,56435
T5N,11290,1039480000,73656,92070
T5P,15710,685236000,34893,43617
T5R,18870,1388430000,58862,73578
T5S,5600,416898000,59556,74446
T5T,59280,3343722000,45124,56405
T5V,320,18492000,46229,57787
T5W,15330,744265000,38839,48549
T5X,32440,1645764000,40585,50732
T5Y,40600,2165553000,42670,53338
T5Z,26800,1471658000,43929,54912
T6A,11260,719677000,51131,63914
T6B,7560,466395000,49353,61692
T6C,15090,1028298000,54515,68144
T6E,17250,1119201000,51904,64881
T6G,8730,657618000,60262,75328
T6H,21120,1462819000,55409,69262
T6J,35890,2305211000,51383,64229
T6K,21160,984191000,37208,46511
T6L,39190,1874807000,38270,47838
T6M,25790,1960574000,60816,76020
T6N,80,5925000,59249,74062
T6P,1390,78005000,44894,56118
T6R,35830,3068723000,68516,85646
T6S,0,0,0,0
T6T,39010,1818673000,37296,46620
T6V,16630,924152000,44456,55571
T6W,60210,4070852000,54088,67610
T6X,36890,2175070000,47168,58960
T6Y,220,16714000,60777,75972
T7A,9890,610784000,49405,61757
T7E,10800,666586000,49376,61720
T7N,6630,332497000,40120,50150
T7P,6210,299179000,38540,48176
T7S,9900,611709000,49430,61788
T7V,8310,530525000,51072,63841
T7X,35860,2319370000,51742,64678
T7Y,14350,1093304000,60950,76188
T7Z,15140,936231000,49470,61838
T8A,33930,2498618000,58912,73640
T8B,5920,689912000,93231,116539
T8C,3570,342331000,76712,95891
T8E,6550,496135000,60596,75745
T8G,3760,269054000,57244,71556
T8H,23870,1736766000,58207,72759
T8L,21920,1548524000,56515,70644
T8N,53360,4002945000,60013,75017
T8R,12380,744556000,48112,60141
T8S,7110,428795000,48246,60308
T8T,5910,569290000,77060,96326
T8V,25070,1432012000,45696,57120
T8W,15670,1224809000,62529,78162
T8X,17340,1211668000,55901,69877
T9A,11950,603383000,40393,50492
T9C,5850,321275000,43934,54918
T9E,25800,1607456000,49843,62304
T9G,5290,313201000,47364,59206
T9H,20230,1764214000,69765,87207
T9J,2660,252844000,76043,95054
T9K,29290,3047809000,83244,104056
T9M,14260,932640000,52321,65402
T9N,8970,575484000,51324,64156
T9S,5810,335790000,46236,57795
T9V,16330,1116537000,54698,68373
T9W,6540,396850000,48544,60680
T9X,4790,282674000,47210,59013
Total,3296960,210938131000,51183,63979
V0A,12550,714015000,45514,56893
V0B,29110,1681046000,46198,57748
V0C,18610,1105977000,47543,59429
V0E,59870,2958958000,39538,49423
V0G,22840,1167182000,40881,51102
V0H,50020,2592533000,41463,51829
V0J,40720,2047967000,40234,50293
V0K,28180,1223868000,34744,43430
V0L,3820,127462000,26693,33367
V0M,9800,449018000,36654,45818
V0N,49920,3202458000,51320,64151
V0P,5950,261343000,35138,43923
V0R,59900,3250613000,43413,54267
V0S,220,7961000,28948,36186
V0T,6310,230514000,29224,36531
V0V,1280,37596000,23496,29371
V0W,370,17356000,37526,46908
V0X,19040,868504000,36491,45614
V1A,7180,402184000,44811,56014
V1B,19210,1262584000,52580,65725
V1C,21790,1241254000,45571,56964
V1E,17860,963483000,43156,53946
V1G,12260,725837000,47362,59203
V1H,12850,783386000,48770,60963
V1J,19610,1343692000,54816,68520
V1K,8130,372512000,36655,45819
V1L,14890,825212000,44336,55420
V1M,25800,1821792000,56489,70612
V1N,11160,624602000,44773,55967
V1P,7840,488618000,49858,62323
V1R,8400,441711000,42067,52584
V1S,10640,707262000,53176,66471
V1T,25170,1194239000,37956,47446
V1V,20720,1423444000,54959,68699
V1W,31000,2390091000,61679,77099
V1X,28800,1335335000,37092,46365
V1Y,32530,1927950000,47412,59266
V1Z,13050,821975000,50388,62986
V2A,35260,1866785000,42354,52943
V2B,32730,1695928000,41452,51815
V2C,22680,1326961000,46805,58507
V2E,12920,855382000,52964,66206
V2G,14930,787798000,42212,52766
V2H,6450,407978000,50601,63252
V2J,18560,943845000,40682,50853
V2K,17030,1103577000,51840,64801
V2L,8090,405353000,40084,50105
V2M,18480,975281000,42219,52774
V2N,26930,1671044000,49640,62051
V2P,30810,1442725000,37460,46826
V2R,44070,2445809000,44398,55498
V2S,43110,2143090000,39769,49712
V2T,49470,2149202000,34755,43444
V2V,27870,1397670000,40119,50149
V2W,17600,1136349000,51652,64565
V2X,40210,2203733000,43844,54805
V2Y,36040,2202070000,48880,61100
V2Z,13040,1066527000,65430,81788
V3A,36700,2075082000,45232,56541
V3B,49870,2709421000,43463,54329
V3C,32450,1937142000,47756,59696
V3E,34200,2089195000,48869,61087
V3G,20620,1396741000,54189,67737
V3H,30530,2405953000,63044,78806
V3J,37010,2165321000,46804,58506
V3K,25850,1466194000,45375,56719
V3L,24790,1589047000,51280,64100
V3M,39380,2193618000,44562,55703
V3N,34110,1746962000,40972,51215
V3R,51220,2200040000,34361,42952
V3S,86070,4556533000,42351,52939
V3T,40170,1628670000,32435,40544
V3V,46200,1812351000,31382,39228
V3W,83930,3363735000,32061,40077
V3X,27410,1416202000,41333,51667
V3Y,15570,981086000,50408,63011
V3Z,29240,2250941000,61584,76981
V4A,32040,2318840000,57898,72373
V4B,17610,1316541000,59808,74760
V4C,39970,1951201000,39052,48816
V4E,10380,632930000,48780,60975
V4G,290,34963000,96449,120562
V4K,20750,1394144000,53749,67187
V4L,6640,574267000,69188,86485
V4M,13210,1148485000,69552,86940
V4N,68850,3807589000,44241,55302
V4P,11430,907468000,63514,79393
V4R,12940,846798000,52352,65440
V4S,6010,340563000,45332,56666
V4T,25780,1444762000,44832,56041
V4V,15040,903942000,48081,60102
V4W,16850,934063000,44347,55434
V4X,11610,716883000,49397,61747
V4Z,4360,272766000,50048,62561
V5A,20930,1329733000,50825,63532
V5B,19170,1165706000,48646,60808
V5C,31000,2023385000,52216,65270
V5E,23070,1281538000,44439,55549
V5G,17540,1139278000,51962,64953
V5H,36780,1816542000,39511,49389
V5J,20000,1054393000,42175,52719
V5K,18900,1116960000,47278,59098
V5L,15230,1009101000,53005,66257
V5M,19680,928580000,37746,47183
V5N,28970,1619823000,44730,55913
V5P,28330,1347363000,38047,47559
V5R,42320,1915248000,36204,45256
V5S,27060,1476050000,43637,54547
V5T,20410,1491517000,58461,73077
V5V,19220,1409837000,58681,73352
V5W,17650,994885000,45093,56367
V5X,26630,1243777000,37364,46705
V5Y,15260,1445168000,75762,94703
V5Z,20390,1838249000,72123,90154
V6A,17410,955426000,43902,54878
V6B,26380,2388372000,72429,90537
V6C,6500,1021753000,125753,157192
V6E,24230,2026895000,66921,83652
V6G,23660,1775961000,60048,75061
V6H,17780,2051579000,92308,115386
V6J,18990,2060849000,86817,108522
V6K,20910,1908340000,73011,91264
V6L,8570,917709000,85666,107083
V6M,13910,1324545000,76177,95222
V6N,11370,1335694000,93980,117475
V6P,27360,1835358000,53664,67081
V6R,15270,1744220000,91380,114225
V6S,11740,981398000,66875,83594
V6T,11180,690602000,49416,61771
V6V,9880,539477000,43681,54602
V6W,2010,111734000,44471,55589
V6X,37120,1690916000,36441,45552
V6Y,43070,1902403000,35336,44170
V6Z,16560,1625548000,78528,98161
V7A,22980,1145784000,39888,49860
V7B,690,48192000,55874,69843
V7C,35000,1813212000,41444,51806
V7E,31920,1987611000,49814,62268
V7G,10030,993667000,79255,99069
V7H,9950,825555000,66376,82970
V7J,13900,1028013000,59165,73957
V7K,9920,901746000,72720,90901
V7L,23180,1779103000,61400,76751
V7M,19760,1315759000,53268,66586
V7N,12490,1131174000,72452,90566
V7P,11420,771512000,54045,67557
V7R,12700,1505083000,94808,118510
V7S,8810,1030889000,93610,117013
V7T,8140,719812000,70742,88428
V7V,12880,2181823000,135516,169396
V7W,7060,1114733000,126315,157894
V7X,230,54887000,190911,238639
V7Y,280,111614000,318896,398621
V7Z,9550,571700000,47890,59863
V8A,16220,779651000,38453,48067
V8B,11670,833036000,57105,71382
V8C,6330,421323000,53247,66559
V8E,10220,712875000,55801,69752
V8G,15370,872879000,45432,56791
V8J,9510,562865000,47348,59186
V8K,9590,650940000,54300,67876
V8L,21800,1631707000,59878,74848
V8M,13960,921789000,52824,66030
V8N,20900,1451314000,55552,69440
V8P,14620,915992000,50122,62653
V8R,19260,1412548000,58672,73341
V8S,13840,1250764000,72298,90373
V8T,16490,856966000,41574,51968
V8V,22930,1523207000,53142,66428
V8W,7450,627341000,67364,84206
V8X,20110,1316514000,52372,65465
V8Y,8680,760578000,70099,87624
V8Z,26090,1527347000,46832,58541
V9A,31840,1821331000,45761,57202
V9B,42290,2542769000,48100,60126
V9C,21370,1383034000,51774,64718
V9E,4380,364744000,66619,83274
V9G,13350,727206000,43577,54472
V9H,8480,500821000,47247,59059
V9J,7830,454463000,46432,58041
V9K,14760,820825000,44488,55611
V9L,30190,1543300000,40895,51119
V9M,15200,909310000,47858,59823
V9N,27660,1482031000,42864,53580
V9P,25030,1445421000,46197,57747
V9R,25510,1292755000,40540,50676
V9S,13790,677685000,39314,49143
V9T,30170,1734251000,45985,57482
V9V,9520,585981000,49241,61552
V9W,26040,1331322000,40900,51126
V9X,8930,508205000,45527,56909
V9Y,21800,1005605000,36902,46128
V9Z,16020,884315000,44160,55200
Total,4115170,249411879000,48485,60607
Y0A,1350,73200000,43377,54222
Y0B,5440,305440000,44917,56147
Y1A,24310,1720747000,56626,70783
Total,31100,2099388000,54003,67504
X0E,15760,917051000,46550,58188
X0G,390,13925000,28564,35705
X1A,16030,1325748000,66163,82704
Total,32190,2256724000,56084,70106
X0A,11780,719234000,48844,61055
X0B,4050,189254000,37383,46729
X0C,6610,337736000,40875,51094
Total,22440,1246223000,44428,55535
Total,29866500,1726353028000,46241,57802
